Frequency_Hz,Power_dBm
-10000000.00,-70.7778
-9995117.19,-70.7216
-9990234.38,-70.7349
-9985351.56,-70.7934
-9980468.75,-70.8221
-9975585.94,-70.7603
-9970703.12,-70.7493
-9965820.31,-70.7932
-9960937.50,-70.7220
-9956054.69,-70.8507
-9951171.88,-70.8470
-9946289.06,-70.7617
-9941406.25,-70.7580
-9936523.44,-70.7686
-9931640.62,-70.8128
-9926757.81,-70.7438
-9921875.00,-70.6754
-9916992.19,-70.7955
-9912109.38,-70.7807
-9907226.56,-70.7895
-9902343.75,-70.7802
-9897460.94,-70.8131
-9892578.12,-70.8309
-9887695.31,-70.9097
-9882812.50,-70.8643
-9877929.69,-70.8293
-9873046.88,-70.7911
-9868164.06,-70.8054
-9863281.25,-70.8056
-9858398.44,-70.8939
-9853515.62,-70.8269
-9848632.81,-70.7883
-9843750.00,-70.8231
-9838867.19,-70.8159
-9833984.38,-70.8730
-9829101.56,-70.8398
-9824218.75,-70.7698
-9819335.94,-70.7642
-9814453.12,-70.8241
-9809570.31,-70.8048
-9804687.50,-70.7802
-9799804.69,-70.8236
-9794921.88,-70.7783
-9790039.06,-70.8068
-9785156.25,-70.7788
-9780273.44,-70.7809
-9775390.62,-70.8344
-9770507.81,-70.8154
-9765625.00,-70.8142
-9760742.19,-70.8612
-9755859.38,-70.8378
-9750976.56,-70.8103
-9746093.75,-70.8455
-9741210.94,-70.8029
-9736328.12,-70.8187
-9731445.31,-70.8113
-9726562.50,-70.7146
-9721679.69,-70.7161
-9716796.88,-70.7481
-9711914.06,-70.7437
-9707031.25,-70.8247
-9702148.44,-70.8538
-9697265.62,-70.7788
-9692382.81,-70.7796
-9687500.00,-70.6994
-9682617.19,-70.6864
-9677734.38,-70.8118
-9672851.56,-70.8073
-9667968.75,-70.8333
-9663085.94,-70.8731
-9658203.12,-70.8168
-9653320.31,-70.8628
-9648437.50,-70.8475
-9643554.69,-70.8337
-9638671.88,-70.8681
-9633789.06,-70.8223
-9628906.25,-70.8310
-9624023.44,-70.7785
-9619140.62,-70.8221
-9614257.81,-70.7770
-9609375.00,-70.7392
-9604492.19,-70.7703
-9599609.38,-70.8343
-9594726.56,-70.7946
-9589843.75,-70.8067
-9584960.94,-70.8309
-9580078.12,-70.8109
-9575195.31,-70.8437
-9570312.50,-70.9465
-9565429.69,-70.9250
-9560546.88,-70.8463
-9555664.06,-70.9027
-9550781.25,-70.8646
-9545898.44,-70.8192
-9541015.62,-70.8841
-9536132.81,-70.9243
-9531250.00,-70.8912
-9526367.19,-70.7275
-9521484.38,-70.6811
-9516601.56,-70.8016
-9511718.75,-70.8351
-9506835.94,-70.8412
-9501953.12,-70.8992
-9497070.31,-70.9147
-9492187.50,-70.8250
-9487304.69,-70.8671
-9482421.88,-70.8528
-9477539.06,-70.8228
-9472656.25,-70.8126
-9467773.44,-70.8973
-9462890.62,-70.9223
-9458007.81,-70.9342
-9453125.00,-70.8239
-9448242.19,-70.8049
-9443359.38,-70.8448
-9438476.56,-70.8781
-9433593.75,-70.8503
-9428710.94,-70.8584
-9423828.12,-70.8558
-9418945.31,-70.7993
-9414062.50,-70.8099
-9409179.69,-70.8369
-9404296.88,-70.8283
-9399414.06,-70.8146
-9394531.25,-70.8483
-9389648.44,-70.8424
-9384765.62,-70.8979
-9379882.81,-70.8592
-9375000.00,-70.8567
-9370117.19,-70.8133
-9365234.38,-70.8511
-9360351.56,-70.9242
-9355468.75,-70.9346
-9350585.94,-70.8670
-9345703.12,-70.8672
-9340820.31,-70.8886
-9335937.50,-70.8336
-9331054.69,-70.9089
-9326171.88,-70.9390
-9321289.06,-70.8313
-9316406.25,-70.7913
-9311523.44,-70.8343
-9306640.62,-70.7596
-9301757.81,-70.7080
-9296875.00,-70.7737
-9291992.19,-70.8068
-9287109.38,-70.8883
-9282226.56,-70.8985
-9277343.75,-70.9253
-9272460.94,-70.8698
-9267578.12,-70.8059
-9262695.31,-70.8332
-9257812.50,-70.7907
-9252929.69,-70.8185
-9248046.88,-70.8798
-9243164.06,-70.8955
-9238281.25,-70.9106
-9233398.44,-70.9370
-9228515.62,-70.9624
-9223632.81,-70.9629
-9218750.00,-70.8522
-9213867.19,-70.7928
-9208984.38,-70.7603
-9204101.56,-70.8552
-9199218.75,-70.8708
-9194335.94,-70.8970
-9189453.12,-70.9391
-9184570.31,-70.9474
-9179687.50,-70.8685
-9174804.69,-70.8985
-9169921.88,-70.9260
-9165039.06,-70.9772
-9160156.25,-70.8793
-9155273.44,-70.8803
-9150390.62,-70.9134
-9145507.81,-70.9367
-9140625.00,-70.9091
-9135742.19,-70.8979
-9130859.38,-70.9137
-9125976.56,-70.9320
-9121093.75,-70.9651
-9116210.94,-70.9045
-9111328.12,-70.8849
-9106445.31,-70.8197
-9101562.50,-70.8432
-9096679.69,-70.8891
-9091796.88,-70.9327
-9086914.06,-70.9194
-9082031.25,-70.9276
-9077148.44,-70.8818
-9072265.62,-70.8996
-9067382.81,-70.9430
-9062500.00,-70.9261
-9057617.19,-70.8604
-9052734.38,-70.8287
-9047851.56,-70.9390
-9042968.75,-70.8780
-9038085.94,-70.9273
-9033203.12,-70.9660
-9028320.31,-70.8624
-9023437.50,-70.8957
-9018554.69,-70.8976
-9013671.88,-70.8470
-9008789.06,-70.9102
-9003906.25,-70.8130
-8999023.44,-70.7606
-8994140.62,-70.8728
-8989257.81,-70.9231
-8984375.00,-70.9075
-8979492.19,-70.8636
-8974609.38,-70.8657
-8969726.56,-70.8993
-8964843.75,-70.8437
-8959960.94,-70.9430
-8955078.12,-70.8849
-8950195.31,-70.9344
-8945312.50,-70.8776
-8940429.69,-70.9593
-8935546.88,-70.9512
-8930664.06,-70.9684
-8925781.25,-70.9148
-8920898.44,-70.8903
-8916015.62,-70.8999
-8911132.81,-70.8808
-8906250.00,-70.8482
-8901367.19,-70.8555
-8896484.38,-70.8395
-8891601.56,-70.8705
-8886718.75,-70.9565
-8881835.94,-70.9168
-8876953.12,-70.9308
-8872070.31,-70.9218
-8867187.50,-70.9278
-8862304.69,-70.9722
-8857421.88,-70.9848
-8852539.06,-70.8064
-8847656.25,-70.7978
-8842773.44,-70.8620
-8837890.62,-70.8701
-8833007.81,-70.9206
-8828125.00,-70.9027
-8823242.19,-70.9671
-8818359.38,-70.8622
-8813476.56,-70.8541
-8808593.75,-70.9333
-8803710.94,-70.9247
-8798828.12,-70.9592
-8793945.31,-70.9245
-8789062.50,-70.9026
-8784179.69,-70.8417
-8779296.88,-70.8790
-8774414.06,-70.8775
-8769531.25,-70.9122
-8764648.44,-70.8709
-8759765.62,-70.8662
-8754882.81,-70.8974
-8750000.00,-70.8836
-8745117.19,-70.9085
-8740234.38,-70.8976
-8735351.56,-70.8926
-8730468.75,-70.8589
-8725585.94,-70.9271
-8720703.12,-70.9517
-8715820.31,-70.9382
-8710937.50,-70.8951
-8706054.69,-70.9014
-8701171.88,-70.8917
-8696289.06,-71.0116
-8691406.25,-71.0035
-8686523.44,-70.9105
-8681640.62,-70.9031
-8676757.81,-70.9700
-8671875.00,-70.9483
-8666992.19,-70.9278
-8662109.38,-70.8681
-8657226.56,-70.9106
-8652343.75,-70.8603
-8647460.94,-70.9022
-8642578.12,-70.9286
-8637695.31,-70.9673
-8632812.50,-70.9708
-8627929.69,-70.9191
-8623046.88,-70.8973
-8618164.06,-70.8635
-8613281.25,-70.9263
-8608398.44,-70.9176
-8603515.62,-70.8601
-8598632.81,-70.8935
-8593750.00,-70.9353
-8588867.19,-70.9124
-8583984.38,-70.8621
-8579101.56,-70.9998
-8574218.75,-70.9662
-8569335.94,-70.9874
-8564453.12,-70.9120
-8559570.31,-70.9337
-8554687.50,-70.9723
-8549804.69,-70.8551
-8544921.88,-70.9522
-8540039.06,-70.8796
-8535156.25,-70.9461
-8530273.44,-70.9120
-8525390.62,-70.8392
-8520507.81,-70.8943
-8515625.00,-70.8962
-8510742.19,-70.8938
-8505859.38,-70.8856
-8500976.56,-70.9302
-8496093.75,-70.9420
-8491210.94,-70.9073
-8486328.12,-70.9337
-8481445.31,-70.9131
-8476562.50,-70.9407
-8471679.69,-71.0350
-8466796.88,-70.9053
-8461914.06,-70.8310
-8457031.25,-70.8881
-8452148.44,-70.9808
-8447265.62,-70.9601
-8442382.81,-70.8711
-8437500.00,-70.8817
-8432617.19,-70.8958
-8427734.38,-70.8722
-8422851.56,-70.8702
-8417968.75,-70.9295
-8413085.94,-70.8581
-8408203.12,-70.8609
-8403320.31,-70.9044
-8398437.50,-70.9026
-8393554.69,-70.9313
-8388671.88,-70.8894
-8383789.06,-70.9499
-8378906.25,-70.8854
-8374023.44,-70.8860
-8369140.62,-70.9018
-8364257.81,-70.8430
-8359375.00,-70.8528
-8354492.19,-70.8207
-8349609.38,-70.8354
-8344726.56,-70.8159
-8339843.75,-70.8302
-8334960.94,-70.8560
-8330078.12,-70.7731
-8325195.31,-70.8441
-8320312.50,-70.8538
-8315429.69,-70.7662
-8310546.88,-70.7492
-8305664.06,-70.7305
-8300781.25,-70.6852
-8295898.44,-70.8809
-8291015.62,-70.9677
-8286132.81,-70.9459
-8281250.00,-70.8646
-8276367.19,-70.8557
-8271484.38,-70.8826
-8266601.56,-70.8540
-8261718.75,-70.9132
-8256835.94,-70.9421
-8251953.12,-70.9122
-8247070.31,-70.9684
-8242187.50,-70.8622
-8237304.69,-70.9252
-8232421.88,-70.9263
-8227539.06,-70.9183
-8222656.25,-70.9696
-8217773.44,-70.8467
-8212890.62,-70.9073
-8208007.81,-70.8544
-8203125.00,-70.7923
-8198242.19,-70.8157
-8193359.38,-70.9082
-8188476.56,-70.9471
-8183593.75,-70.8980
-8178710.94,-70.8986
-8173828.12,-70.9111
-8168945.31,-70.8588
-8164062.50,-70.8678
-8159179.69,-70.9101
-8154296.88,-70.9308
-8149414.06,-70.8685
-8144531.25,-70.8798
-8139648.44,-70.7769
-8134765.62,-70.8521
-8129882.81,-70.8998
-8125000.00,-70.8180
-8120117.19,-70.8196
-8115234.38,-70.7745
-8110351.56,-70.7672
-8105468.75,-70.7492
-8100585.94,-70.7920
-8095703.12,-70.7932
-8090820.31,-70.7803
-8085937.50,-70.9065
-8081054.69,-70.8926
-8076171.88,-70.9219
-8071289.06,-70.9055
-8066406.25,-70.9006
-8061523.44,-70.8732
-8056640.62,-70.9803
-8051757.81,-70.9125
-8046875.00,-70.8589
-8041992.19,-70.9099
-8037109.38,-70.8639
-8032226.56,-70.8944
-8027343.75,-70.8963
-8022460.94,-70.9362
-8017578.12,-70.8501
-8012695.31,-70.8544
-8007812.50,-70.7763
-8002929.69,-70.4887
-7998046.88,-70.4667
-7993164.06,-70.7608
-7988281.25,-70.8823
-7983398.44,-70.8833
-7978515.62,-70.8655
-7973632.81,-70.9178
-7968750.00,-70.8728
-7963867.19,-70.8993
-7958984.38,-70.8654
-7954101.56,-70.9346
-7949218.75,-70.8707
-7944335.94,-71.0023
-7939453.12,-70.9683
-7934570.31,-70.8888
-7929687.50,-70.8693
-7924804.69,-70.8425
-7919921.88,-70.8569
-7915039.06,-70.8031
-7910156.25,-70.8325
-7905273.44,-70.9261
-7900390.62,-70.9409
-7895507.81,-70.8676
-7890625.00,-70.8488
-7885742.19,-70.8277
-7880859.38,-70.9338
-7875976.56,-70.9022
-7871093.75,-70.8660
-7866210.94,-70.7939
-7861328.12,-70.7668
-7856445.31,-70.8026
-7851562.50,-70.7770
-7846679.69,-70.8639
-7841796.88,-70.8557
-7836914.06,-70.8339
-7832031.25,-70.9005
-7827148.44,-70.9371
-7822265.62,-70.9056
-7817382.81,-70.9057
-7812500.00,-70.8282
-7807617.19,-70.7359
-7802734.38,-70.7313
-7797851.56,-70.7697
-7792968.75,-70.8672
-7788085.94,-70.9176
-7783203.12,-70.8701
-7778320.31,-70.8395
-7773437.50,-70.8171
-7768554.69,-70.8369
-7763671.88,-70.8668
-7758789.06,-70.9982
-7753906.25,-70.9508
-7749023.44,-70.8956
-7744140.62,-70.8097
-7739257.81,-70.7905
-7734375.00,-70.8220
-7729492.19,-70.8199
-7724609.38,-70.8266
-7719726.56,-70.8659
-7714843.75,-70.8024
-7709960.94,-70.7673
-7705078.12,-70.7620
-7700195.31,-70.7242
-7695312.50,-70.7740
-7690429.69,-70.8205
-7685546.88,-70.7796
-7680664.06,-70.7719
-7675781.25,-70.7914
-7670898.44,-70.7911
-7666015.62,-70.7397
-7661132.81,-70.7891
-7656250.00,-70.8142
-7651367.19,-70.8424
-7646484.38,-70.8615
-7641601.56,-70.8617
-7636718.75,-70.8511
-7631835.94,-70.8139
-7626953.12,-70.8464
-7622070.31,-70.9173
-7617187.50,-70.8812
-7612304.69,-70.8682
-7607421.88,-70.8586
-7602539.06,-70.7634
-7597656.25,-70.8187
-7592773.44,-70.8719
-7587890.62,-70.8836
-7583007.81,-70.9087
-7578125.00,-70.7547
-7573242.19,-70.8450
-7568359.38,-70.8780
-7563476.56,-70.8001
-7558593.75,-70.7913
-7553710.94,-70.8904
-7548828.12,-70.8673
-7543945.31,-70.7767
-7539062.50,-70.8501
-7534179.69,-70.8427
-7529296.88,-70.8370
-7524414.06,-70.7662
-7519531.25,-70.7657
-7514648.44,-70.8134
-7509765.62,-70.8525
-7504882.81,-70.7786
-7500000.00,-70.7065
-7495117.19,-70.7353
-7490234.38,-70.7288
-7485351.56,-70.7769
-7480468.75,-70.8311
-7475585.94,-70.7482
-7470703.12,-70.7126
-7465820.31,-70.7139
-7460937.50,-70.8101
-7456054.69,-70.7850
-7451171.88,-70.7985
-7446289.06,-70.8150
-7441406.25,-70.8390
-7436523.44,-70.8017
-7431640.62,-70.8715
-7426757.81,-70.9570
-7421875.00,-70.8452
-7416992.19,-70.8140
-7412109.38,-70.8069
-7407226.56,-70.7743
-7402343.75,-70.7848
-7397460.94,-70.7106
-7392578.12,-70.7816
-7387695.31,-70.7500
-7382812.50,-70.7093
-7377929.69,-70.7733
-7373046.88,-70.8436
-7368164.06,-70.8234
-7363281.25,-70.7967
-7358398.44,-70.8253
-7353515.62,-70.7861
-7348632.81,-70.7831
-7343750.00,-70.7703
-7338867.19,-70.8079
-7333984.38,-70.8201
-7329101.56,-70.8657
-7324218.75,-70.8185
-7319335.94,-70.8037
-7314453.12,-70.8118
-7309570.31,-70.7483
-7304687.50,-70.7653
-7299804.69,-70.8292
-7294921.88,-70.7478
-7290039.06,-70.6995
-7285156.25,-70.7594
-7280273.44,-70.7971
-7275390.62,-70.7977
-7270507.81,-70.7673
-7265625.00,-70.7749
-7260742.19,-70.7481
-7255859.38,-70.7878
-7250976.56,-70.8009
-7246093.75,-70.7452
-7241210.94,-70.7513
-7236328.12,-70.8015
-7231445.31,-70.8153
-7226562.50,-70.7752
-7221679.69,-70.8194
-7216796.88,-70.7756
-7211914.06,-70.7716
-7207031.25,-70.7827
-7202148.44,-70.7859
-7197265.62,-70.8123
-7192382.81,-70.7906
-7187500.00,-70.7501
-7182617.19,-70.8134
-7177734.38,-70.8165
-7172851.56,-70.7756
-7167968.75,-70.6804
-7163085.94,-70.7469
-7158203.12,-70.7999
-7153320.31,-70.7950
-7148437.50,-70.8236
-7143554.69,-70.8624
-7138671.88,-70.8761
-7133789.06,-70.8284
-7128906.25,-70.7935
-7124023.44,-70.7590
-7119140.62,-70.7979
-7114257.81,-70.7481
-7109375.00,-70.7775
-7104492.19,-70.7939
-7099609.38,-70.7343
-7094726.56,-70.7943
-7089843.75,-70.7193
-7084960.94,-70.7143
-7080078.12,-70.7989
-7075195.31,-70.7675
-7070312.50,-70.8330
-7065429.69,-70.8335
-7060546.88,-70.8670
-7055664.06,-70.8153
-7050781.25,-70.7978
-7045898.44,-70.9449
-7041015.62,-70.8201
-7036132.81,-70.8141
-7031250.00,-70.8596
-7026367.19,-70.7701
-7021484.38,-70.7661
-7016601.56,-70.8191
-7011718.75,-70.7900
-7006835.94,-70.8042
-7001953.12,-70.8250
-6997070.31,-70.7379
-6992187.50,-70.8135
-6987304.69,-70.7985
-6982421.88,-70.7865
-6977539.06,-70.7821
-6972656.25,-70.7461
-6967773.44,-70.7569
-6962890.62,-70.8416
-6958007.81,-70.8316
-6953125.00,-70.7958
-6948242.19,-70.8439
-6943359.38,-70.7735
-6938476.56,-70.7907
-6933593.75,-70.6864
-6928710.94,-70.6327
-6923828.12,-70.7710
-6918945.31,-70.8422
-6914062.50,-70.6845
-6909179.69,-70.7409
-6904296.88,-70.8495
-6899414.06,-70.7819
-6894531.25,-70.7244
-6889648.44,-70.7016
-6884765.62,-70.7974
-6879882.81,-70.7645
-6875000.00,-70.7663
-6870117.19,-70.8425
-6865234.38,-70.7822
-6860351.56,-70.7687
-6855468.75,-70.7609
-6850585.94,-70.8605
-6845703.12,-70.7896
-6840820.31,-70.7763
-6835937.50,-70.7340
-6831054.69,-70.8456
-6826171.88,-70.8080
-6821289.06,-70.8279
-6816406.25,-70.8218
-6811523.44,-70.7941
-6806640.62,-70.7517
-6801757.81,-70.7662
-6796875.00,-70.6856
-6791992.19,-70.7132
-6787109.38,-70.7804
-6782226.56,-70.8175
-6777343.75,-70.8581
-6772460.94,-70.8249
-6767578.12,-70.8350
-6762695.31,-70.7565
-6757812.50,-70.8273
-6752929.69,-70.8539
-6748046.88,-70.8458
-6743164.06,-70.8026
-6738281.25,-70.8650
-6733398.44,-70.8461
-6728515.62,-70.7869
-6723632.81,-70.8099
-6718750.00,-70.7808
-6713867.19,-70.8163
-6708984.38,-70.8260
-6704101.56,-70.8125
-6699218.75,-70.8149
-6694335.94,-70.8282
-6689453.12,-70.7403
-6684570.31,-70.7033
-6679687.50,-70.7713
-6674804.69,-70.8018
-6669921.88,-70.8003
-6665039.06,-70.8414
-6660156.25,-70.8894
-6655273.44,-70.8483
-6650390.62,-70.7722
-6645507.81,-70.7718
-6640625.00,-70.8071
-6635742.19,-70.7897
-6630859.38,-70.8073
-6625976.56,-70.8268
-6621093.75,-70.8508
-6616210.94,-70.8562
-6611328.12,-70.7479
-6606445.31,-70.7667
-6601562.50,-70.8078
-6596679.69,-70.7920
-6591796.88,-70.7495
-6586914.06,-70.7187
-6582031.25,-70.8419
-6577148.44,-70.8892
-6572265.62,-70.8451
-6567382.81,-70.8192
-6562500.00,-70.8209
-6557617.19,-70.8489
-6552734.38,-70.8330
-6547851.56,-70.8981
-6542968.75,-70.8147
-6538085.94,-70.8172
-6533203.12,-70.7950
-6528320.31,-70.8384
-6523437.50,-70.8767
-6518554.69,-70.8415
-6513671.88,-70.8878
-6508789.06,-70.8495
-6503906.25,-70.7758
-6499023.44,-70.7671
-6494140.62,-70.7895
-6489257.81,-70.7748
-6484375.00,-70.7849
-6479492.19,-70.7309
-6474609.38,-70.7870
-6469726.56,-70.7854
-6464843.75,-70.8370
-6459960.94,-70.8235
-6455078.12,-70.8152
-6450195.31,-70.8211
-6445312.50,-70.7506
-6440429.69,-70.7303
-6435546.88,-70.7706
-6430664.06,-70.7869
-6425781.25,-70.8012
-6420898.44,-70.7884
-6416015.62,-70.7623
-6411132.81,-70.8384
-6406250.00,-70.8409
-6401367.19,-70.7222
-6396484.38,-70.6741
-6391601.56,-70.7489
-6386718.75,-70.7659
-6381835.94,-70.8402
-6376953.12,-70.9092
-6372070.31,-70.8051
-6367187.50,-70.8063
-6362304.69,-70.8106
-6357421.88,-70.8425
-6352539.06,-70.6872
-6347656.25,-70.5708
-6342773.44,-70.5242
-6337890.62,-70.3068
-6333007.81,-70.0280
-6328125.00,-69.6685
-6323242.19,-69.1416
-6318359.38,-68.7210
-6313476.56,-68.8271
-6308593.75,-69.0958
-6303710.94,-69.0874
-6298828.12,-69.2605
-6293945.31,-69.6920
-6289062.50,-69.9299
-6284179.69,-70.1450
-6279296.88,-70.4760
-6274414.06,-70.5965
-6269531.25,-70.7584
-6264648.44,-70.8192
-6259765.62,-70.7637
-6254882.81,-70.8041
-6250000.00,-70.7600
-6245117.19,-70.7685
-6240234.38,-70.7733
-6235351.56,-70.8360
-6230468.75,-70.8161
-6225585.94,-70.8291
-6220703.12,-70.8550
-6215820.31,-70.8150
-6210937.50,-70.8440
-6206054.69,-70.8168
-6201171.88,-70.8577
-6196289.06,-70.8379
-6191406.25,-70.7971
-6186523.44,-70.7585
-6181640.62,-70.8115
-6176757.81,-70.8815
-6171875.00,-70.8287
-6166992.19,-70.8558
-6162109.38,-70.8507
-6157226.56,-70.8870
-6152343.75,-70.8962
-6147460.94,-70.8594
-6142578.12,-70.8182
-6137695.31,-70.8680
-6132812.50,-70.8440
-6127929.69,-70.9279
-6123046.88,-70.8194
-6118164.06,-70.7893
-6113281.25,-70.8394
-6108398.44,-70.8329
-6103515.62,-70.8807
-6098632.81,-70.7938
-6093750.00,-70.7411
-6088867.19,-70.7735
-6083984.38,-70.7721
-6079101.56,-70.8647
-6074218.75,-70.9160
-6069335.94,-70.9558
-6064453.12,-70.9371
-6059570.31,-70.8730
-6054687.50,-70.9010
-6049804.69,-70.8969
-6044921.88,-70.8344
-6040039.06,-70.8503
-6035156.25,-70.9063
-6030273.44,-70.9737
-6025390.62,-70.9864
-6020507.81,-70.8880
-6015625.00,-70.8540
-6010742.19,-70.9005
-6005859.38,-70.9285
-6000976.56,-70.9216
-5996093.75,-70.8743
-5991210.94,-70.8756
-5986328.12,-70.8373
-5981445.31,-70.8909
-5976562.50,-70.9116
-5971679.69,-70.9276
-5966796.88,-70.8561
-5961914.06,-70.9216
-5957031.25,-70.9046
-5952148.44,-70.8575
-5947265.62,-70.8671
-5942382.81,-70.8932
-5937500.00,-70.8322
-5932617.19,-70.8706
-5927734.38,-70.8826
-5922851.56,-70.8980
-5917968.75,-70.9285
-5913085.94,-70.9198
-5908203.12,-70.9160
-5903320.31,-70.8834
-5898437.50,-70.8823
-5893554.69,-70.9358
-5888671.88,-70.8977
-5883789.06,-70.8984
-5878906.25,-70.8524
-5874023.44,-70.9560
-5869140.62,-70.8974
-5864257.81,-70.9100
-5859375.00,-70.9261
-5854492.19,-70.9016
-5849609.38,-70.8963
-5844726.56,-70.8858
-5839843.75,-70.8977
-5834960.94,-70.8871
-5830078.12,-70.8923
-5825195.31,-70.9044
-5820312.50,-70.8627
-5815429.69,-70.8788
-5810546.88,-70.8387
-5805664.06,-70.8763
-5800781.25,-70.8923
-5795898.44,-70.7872
-5791015.62,-70.8456
-5786132.81,-70.8100
-5781250.00,-70.8069
-5776367.19,-70.8457
-5771484.38,-70.8621
-5766601.56,-70.8447
-5761718.75,-70.9039
-5756835.94,-70.8384
-5751953.12,-70.8140
-5747070.31,-70.8759
-5742187.50,-70.9497
-5737304.69,-70.8960
-5732421.88,-70.8425
-5727539.06,-70.9087
-5722656.25,-70.8728
-5717773.44,-70.8431
-5712890.62,-70.8381
-5708007.81,-70.8404
-5703125.00,-70.8268
-5698242.19,-70.8453
-5693359.38,-70.8792
-5688476.56,-70.8286
-5683593.75,-70.8142
-5678710.94,-70.9716
-5673828.12,-70.9600
-5668945.31,-70.9144
-5664062.50,-70.8425
-5659179.69,-70.8738
-5654296.88,-70.8432
-5649414.06,-70.7928
-5644531.25,-70.8538
-5639648.44,-70.7881
-5634765.62,-70.8357
-5629882.81,-70.8763
-5625000.00,-70.8968
-5620117.19,-70.9147
-5615234.38,-70.8816
-5610351.56,-70.8537
-5605468.75,-70.8584
-5600585.94,-70.8921
-5595703.12,-70.9645
-5590820.31,-70.9997
-5585937.50,-70.9255
-5581054.69,-70.8146
-5576171.88,-70.9227
-5571289.06,-70.9523
-5566406.25,-70.9607
-5561523.44,-70.9724
-5556640.62,-70.9801
-5551757.81,-70.9213
-5546875.00,-70.9680
-5541992.19,-70.8993
-5537109.38,-70.8870
-5532226.56,-70.8929
-5527343.75,-70.9275
-5522460.94,-70.8729
-5517578.12,-70.8676
-5512695.31,-70.9037
-5507812.50,-70.8300
-5502929.69,-70.8170
-5498046.88,-70.9425
-5493164.06,-70.9835
-5488281.25,-70.9358
-5483398.44,-70.8909
-5478515.62,-70.8151
-5473632.81,-70.9304
-5468750.00,-70.8761
-5463867.19,-70.9135
-5458984.38,-70.8623
-5454101.56,-70.8196
-5449218.75,-70.9560
-5444335.94,-70.9149
-5439453.12,-70.9138
-5434570.31,-70.9476
-5429687.50,-70.9709
-5424804.69,-70.8898
-5419921.88,-70.9122
-5415039.06,-70.8718
-5410156.25,-70.9221
-5405273.44,-70.9293
-5400390.62,-70.8607
-5395507.81,-70.8780
-5390625.00,-70.9464
-5385742.19,-70.9392
-5380859.38,-70.8571
-5375976.56,-70.7852
-5371093.75,-70.8271
-5366210.94,-70.9945
-5361328.12,-70.9343
-5356445.31,-70.7727
-5351562.50,-70.9400
-5346679.69,-71.0070
-5341796.88,-70.9256
-5336914.06,-70.8358
-5332031.25,-70.7973
-5327148.44,-70.9200
-5322265.62,-70.9719
-5317382.81,-70.8574
-5312500.00,-70.8268
-5307617.19,-70.9039
-5302734.38,-70.9363
-5297851.56,-70.8467
-5292968.75,-70.8673
-5288085.94,-70.8321
-5283203.12,-70.8394
-5278320.31,-70.8527
-5273437.50,-70.9019
-5268554.69,-70.9388
-5263671.88,-70.9000
-5258789.06,-70.8848
-5253906.25,-70.8691
-5249023.44,-70.9130
-5244140.62,-70.9241
-5239257.81,-70.9644
-5234375.00,-70.9235
-5229492.19,-70.9727
-5224609.38,-70.9629
-5219726.56,-70.8914
-5214843.75,-70.8620
-5209960.94,-70.9300
-5205078.12,-70.8897
-5200195.31,-70.8787
-5195312.50,-70.8833
-5190429.69,-70.8945
-5185546.88,-70.9118
-5180664.06,-70.8591
-5175781.25,-70.8677
-5170898.44,-70.8372
-5166015.62,-70.8713
-5161132.81,-70.8437
-5156250.00,-70.9031
-5151367.19,-70.9079
-5146484.38,-70.9959
-5141601.56,-71.0011
-5136718.75,-70.9755
-5131835.94,-70.9337
-5126953.12,-70.9113
-5122070.31,-70.9956
-5117187.50,-70.9753
-5112304.69,-70.8915
-5107421.88,-70.9090
-5102539.06,-70.8938
-5097656.25,-70.8962
-5092773.44,-70.9844
-5087890.62,-70.9211
-5083007.81,-70.8389
-5078125.00,-70.7692
-5073242.19,-70.8414
-5068359.38,-70.9081
-5063476.56,-70.8840
-5058593.75,-70.9160
-5053710.94,-70.8607
-5048828.12,-70.9810
-5043945.31,-70.9499
-5039062.50,-70.9446
-5034179.69,-70.8924
-5029296.88,-70.9409
-5024414.06,-70.9389
-5019531.25,-70.9204
-5014648.44,-70.8878
-5009765.62,-70.9423
-5004882.81,-70.9207
-5000000.00,-70.8875
-4995117.19,-70.8839
-4990234.38,-70.8477
-4985351.56,-70.8469
-4980468.75,-70.8915
-4975585.94,-70.8574
-4970703.12,-70.8707
-4965820.31,-70.8263
-4960937.50,-70.8567
-4956054.69,-70.8580
-4951171.88,-70.8723
-4946289.06,-70.8157
-4941406.25,-70.8264
-4936523.44,-70.8773
-4931640.62,-70.8971
-4926757.81,-70.8150
-4921875.00,-70.8228
-4916992.19,-70.9361
-4912109.38,-70.9267
-4907226.56,-70.9002
-4902343.75,-70.8220
-4897460.94,-70.8967
-4892578.12,-70.9248
-4887695.31,-70.8054
-4882812.50,-70.7784
-4877929.69,-70.7922
-4873046.88,-70.8487
-4868164.06,-70.9207
-4863281.25,-70.9242
-4858398.44,-70.8630
-4853515.62,-70.7227
-4848632.81,-70.8635
-4843750.00,-70.8872
-4838867.19,-70.8501
-4833984.38,-70.8396
-4829101.56,-70.8938
-4824218.75,-70.8691
-4819335.94,-70.8779
-4814453.12,-70.8369
-4809570.31,-70.8227
-4804687.50,-70.8477
-4799804.69,-70.8050
-4794921.88,-70.8467
-4790039.06,-70.9168
-4785156.25,-70.9028
-4780273.44,-70.8949
-4775390.62,-70.9667
-4770507.81,-70.9070
-4765625.00,-70.8910
-4760742.19,-70.8824
-4755859.38,-70.8389
-4750976.56,-70.7715
-4746093.75,-70.8203
-4741210.94,-70.8728
-4736328.12,-70.8587
-4731445.31,-70.8440
-4726562.50,-70.7997
-4721679.69,-70.8827
-4716796.88,-70.8087
-4711914.06,-70.8824
-4707031.25,-70.8812
-4702148.44,-70.8959
-4697265.62,-70.8877
-4692382.81,-70.8001
-4687500.00,-70.8547
-4682617.19,-70.8549
-4677734.38,-70.8008
-4672851.56,-70.8232
-4667968.75,-70.7573
-4663085.94,-70.8577
-4658203.12,-70.8662
-4653320.31,-70.9130
-4648437.50,-70.7842
-4643554.69,-70.8321
-4638671.88,-70.8831
-4633789.06,-70.8810
-4628906.25,-70.8355
-4624023.44,-70.8452
-4619140.62,-70.8610
-4614257.81,-70.8570
-4609375.00,-70.7882
-4604492.19,-70.8291
-4599609.38,-70.9273
-4594726.56,-70.9183
-4589843.75,-70.8375
-4584960.94,-70.7995
-4580078.12,-70.8676
-4575195.31,-70.8435
-4570312.50,-70.7700
-4565429.69,-70.8420
-4560546.88,-70.8783
-4555664.06,-70.8660
-4550781.25,-70.8107
-4545898.44,-70.7909
-4541015.62,-70.8050
-4536132.81,-70.7917
-4531250.00,-70.7758
-4526367.19,-70.8515
-4521484.38,-70.8669
-4516601.56,-70.8740
-4511718.75,-70.8244
-4506835.94,-70.9003
-4501953.12,-70.9464
-4497070.31,-70.8327
-4492187.50,-70.8218
-4487304.69,-70.8810
-4482421.88,-70.8131
-4477539.06,-70.7911
-4472656.25,-70.7835
-4467773.44,-70.8398
-4462890.62,-70.9042
-4458007.81,-70.8670
-4453125.00,-70.9109
-4448242.19,-70.8142
-4443359.38,-70.8499
-4438476.56,-70.8367
-4433593.75,-70.8016
-4428710.94,-70.8526
-4423828.12,-70.8497
-4418945.31,-70.7843
-4414062.50,-70.7836
-4409179.69,-70.8232
-4404296.88,-70.8479
-4399414.06,-70.8380
-4394531.25,-70.8409
-4389648.44,-70.7980
-4384765.62,-70.8067
-4379882.81,-70.8756
-4375000.00,-70.8015
-4370117.19,-70.7456
-4365234.38,-70.7694
-4360351.56,-70.7429
-4355468.75,-70.7924
-4350585.94,-70.8467
-4345703.12,-70.9054
-4340820.31,-70.8502
-4335937.50,-70.8543
-4331054.69,-70.8306
-4326171.88,-70.7981
-4321289.06,-70.8449
-4316406.25,-70.8061
-4311523.44,-70.7717
-4306640.62,-70.8669
-4301757.81,-70.7915
-4296875.00,-70.7708
-4291992.19,-70.8651
-4287109.38,-70.8805
-4282226.56,-70.7716
-4277343.75,-70.7261
-4272460.94,-70.7592
-4267578.12,-70.8346
-4262695.31,-70.8344
-4257812.50,-70.8821
-4252929.69,-70.8689
-4248046.88,-70.8403
-4243164.06,-70.8165
-4238281.25,-70.8084
-4233398.44,-70.7501
-4228515.62,-70.7529
-4223632.81,-70.8574
-4218750.00,-70.8940
-4213867.19,-70.8874
-4208984.38,-70.8165
-4204101.56,-70.8785
-4199218.75,-70.8168
-4194335.94,-70.8193
-4189453.12,-70.7897
-4184570.31,-70.8502
-4179687.50,-70.8714
-4174804.69,-70.7718
-4169921.88,-70.7662
-4165039.06,-70.8154
-4160156.25,-70.7765
-4155273.44,-70.8471
-4150390.62,-70.7534
-4145507.81,-70.7302
-4140625.00,-70.8009
-4135742.19,-70.8017
-4130859.38,-70.7755
-4125976.56,-70.7845
-4121093.75,-70.8483
-4116210.94,-70.8156
-4111328.12,-70.8036
-4106445.31,-70.8357
-4101562.50,-70.7947
-4096679.69,-70.8182
-4091796.88,-70.8571
-4086914.06,-70.8465
-4082031.25,-70.8163
-4077148.44,-70.7873
-4072265.62,-70.8345
-4067382.81,-70.8097
-4062500.00,-70.8360
-4057617.19,-70.8374
-4052734.38,-70.8733
-4047851.56,-70.8965
-4042968.75,-70.8396
-4038085.94,-70.7628
-4033203.12,-70.8123
-4028320.31,-70.8220
-4023437.50,-70.8288
-4018554.69,-70.8415
-4013671.88,-70.7747
-4008789.06,-70.7650
-4003906.25,-70.8413
-3999023.44,-70.7950
-3994140.62,-70.7509
-3989257.81,-70.7317
-3984375.00,-70.7943
-3979492.19,-70.8059
-3974609.38,-70.7721
-3969726.56,-70.7784
-3964843.75,-70.7283
-3959960.94,-70.7225
-3955078.12,-70.8236
-3950195.31,-70.8628
-3945312.50,-70.8249
-3940429.69,-70.8419
-3935546.88,-70.8456
-3930664.06,-70.8349
-3925781.25,-70.8539
-3920898.44,-70.8254
-3916015.62,-70.8200
-3911132.81,-70.8595
-3906250.00,-70.8631
-3901367.19,-70.8296
-3896484.38,-70.8184
-3891601.56,-70.8017
-3886718.75,-70.7059
-3881835.94,-70.6907
-3876953.12,-70.8017
-3872070.31,-70.8340
-3867187.50,-70.7964
-3862304.69,-70.7988
-3857421.88,-70.8116
-3852539.06,-70.7746
-3847656.25,-70.8099
-3842773.44,-70.8837
-3837890.62,-70.8674
-3833007.81,-70.9306
-3828125.00,-70.9152
-3823242.19,-70.8083
-3818359.38,-70.8020
-3813476.56,-70.8204
-3808593.75,-70.8689
-3803710.94,-70.8278
-3798828.12,-70.8304
-3793945.31,-70.8101
-3789062.50,-70.7947
-3784179.69,-70.8407
-3779296.88,-70.8311
-3774414.06,-70.8146
-3769531.25,-70.8455
-3764648.44,-70.8389
-3759765.62,-70.8750
-3754882.81,-70.7867
-3750000.00,-70.7194
-3745117.19,-70.7336
-3740234.38,-70.7568
-3735351.56,-70.7572
-3730468.75,-70.7305
-3725585.94,-70.7348
-3720703.12,-70.7222
-3715820.31,-70.7875
-3710937.50,-70.8891
-3706054.69,-70.8577
-3701171.88,-70.7822
-3696289.06,-70.8245
-3691406.25,-70.8040
-3686523.44,-70.7601
-3681640.62,-70.6904
-3676757.81,-70.7992
-3671875.00,-70.7834
-3666992.19,-70.7729
-3662109.38,-70.8464
-3657226.56,-70.7714
-3652343.75,-70.8119
-3647460.94,-70.7875
-3642578.12,-70.7526
-3637695.31,-70.8006
-3632812.50,-70.9025
-3627929.69,-70.8432
-3623046.88,-70.8144
-3618164.06,-70.7535
-3613281.25,-70.7761
-3608398.44,-70.7453
-3603515.62,-70.8272
-3598632.81,-70.8800
-3593750.00,-70.8100
-3588867.19,-70.7981
-3583984.38,-70.8444
-3579101.56,-70.8086
-3574218.75,-70.7904
-3569335.94,-70.8391
-3564453.12,-70.8622
-3559570.31,-70.9008
-3554687.50,-70.8031
-3549804.69,-70.8267
-3544921.88,-70.8708
-3540039.06,-70.8414
-3535156.25,-70.8270
-3530273.44,-70.8645
-3525390.62,-70.8501
-3520507.81,-70.7987
-3515625.00,-70.7929
-3510742.19,-70.7563
-3505859.38,-70.7368
-3500976.56,-70.6942
-3496093.75,-70.7067
-3491210.94,-70.7383
-3486328.12,-70.8015
-3481445.31,-70.7521
-3476562.50,-70.7329
-3471679.69,-70.8320
-3466796.88,-70.8106
-3461914.06,-70.7528
-3457031.25,-70.8663
-3452148.44,-70.8840
-3447265.62,-70.8009
-3442382.81,-70.8212
-3437500.00,-70.8925
-3432617.19,-70.9170
-3427734.38,-70.9381
-3422851.56,-70.8276
-3417968.75,-70.7976
-3413085.94,-70.8613
-3408203.12,-70.8720
-3403320.31,-70.8557
-3398437.50,-70.7907
-3393554.69,-70.8908
-3388671.88,-70.8889
-3383789.06,-70.8587
-3378906.25,-70.8075
-3374023.44,-70.7817
-3369140.62,-70.7649
-3364257.81,-70.8808
-3359375.00,-70.8804
-3354492.19,-70.8452
-3349609.38,-70.8496
-3344726.56,-70.9157
-3339843.75,-70.8925
-3334960.94,-70.8069
-3330078.12,-70.9209
-3325195.31,-70.8761
-3320312.50,-70.9357
-3315429.69,-70.9005
-3310546.88,-70.8456
-3305664.06,-70.8663
-3300781.25,-70.9087
-3295898.44,-70.8507
-3291015.62,-70.8727
-3286132.81,-70.9683
-3281250.00,-70.9700
-3276367.19,-70.9443
-3271484.38,-70.9255
-3266601.56,-70.9826
-3261718.75,-70.9132
-3256835.94,-70.8679
-3251953.12,-70.8814
-3247070.31,-70.8294
-3242187.50,-70.9520
-3237304.69,-70.8694
-3232421.88,-70.8859
-3227539.06,-70.8892
-3222656.25,-70.9005
-3217773.44,-70.8857
-3212890.62,-70.8666
-3208007.81,-70.8081
-3203125.00,-70.8150
-3198242.19,-70.8158
-3193359.38,-70.8664
-3188476.56,-70.8939
-3183593.75,-70.8733
-3178710.94,-70.8592
-3173828.12,-70.8020
-3168945.31,-70.8637
-3164062.50,-70.8619
-3159179.69,-70.8535
-3154296.88,-70.8751
-3149414.06,-70.9052
-3144531.25,-70.8428
-3139648.44,-70.8890
-3134765.62,-70.9114
-3129882.81,-70.8591
-3125000.00,-70.8468
-3120117.19,-70.9012
-3115234.38,-70.8658
-3110351.56,-70.9111
-3105468.75,-70.9872
-3100585.94,-70.9035
-3095703.12,-70.8461
-3090820.31,-70.9072
-3085937.50,-70.8955
-3081054.69,-70.8628
-3076171.88,-70.8982
-3071289.06,-70.9219
-3066406.25,-70.9197
-3061523.44,-70.8620
-3056640.62,-70.8403
-3051757.81,-70.8670
-3046875.00,-70.8768
-3041992.19,-70.9604
-3037109.38,-70.9749
-3032226.56,-70.9114
-3027343.75,-70.8486
-3022460.94,-70.9952
-3017578.12,-71.0826
-3012695.31,-71.0118
-3007812.50,-71.0002
-3002929.69,-70.8266
-2998046.88,-70.6804
-2993164.06,-70.8886
-2988281.25,-70.8344
-2983398.44,-70.8761
-2978515.62,-70.8861
-2973632.81,-70.8844
-2968750.00,-70.7911
-2963867.19,-70.8118
-2958984.38,-70.9386
-2954101.56,-70.9673
-2949218.75,-70.8707
-2944335.94,-70.8450
-2939453.12,-70.8259
-2934570.31,-70.8680
-2929687.50,-70.8711
-2924804.69,-70.8591
-2919921.88,-70.8549
-2915039.06,-70.7627
-2910156.25,-70.8205
-2905273.44,-70.8719
-2900390.62,-70.8711
-2895507.81,-70.8597
-2890625.00,-70.8518
-2885742.19,-70.7859
-2880859.38,-70.8021
-2875976.56,-70.8900
-2871093.75,-70.9306
-2866210.94,-70.8665
-2861328.12,-70.7797
-2856445.31,-70.8890
-2851562.50,-70.8974
-2846679.69,-70.8836
-2841796.88,-70.8939
-2836914.06,-70.9047
-2832031.25,-70.8493
-2827148.44,-70.9246
-2822265.62,-70.7939
-2817382.81,-70.8140
-2812500.00,-70.9284
-2807617.19,-70.9953
-2802734.38,-70.8750
-2797851.56,-70.9151
-2792968.75,-70.9468
-2788085.94,-70.9430
-2783203.12,-70.8718
-2778320.31,-70.9614
-2773437.50,-71.0201
-2768554.69,-71.0033
-2763671.88,-70.9604
-2758789.06,-70.8975
-2753906.25,-70.9339
-2749023.44,-70.8969
-2744140.62,-70.8470
-2739257.81,-70.8622
-2734375.00,-70.8867
-2729492.19,-70.9095
-2724609.38,-70.9551
-2719726.56,-70.8658
-2714843.75,-70.9540
-2709960.94,-70.9401
-2705078.12,-70.9465
-2700195.31,-70.8911
-2695312.50,-70.9274
-2690429.69,-70.9856
-2685546.88,-70.9407
-2680664.06,-70.8929
-2675781.25,-70.9019
-2670898.44,-70.9338
-2666015.62,-70.9155
-2661132.81,-70.9391
-2656250.00,-70.9629
-2651367.19,-70.9875
-2646484.38,-70.9697
-2641601.56,-70.9517
-2636718.75,-70.8962
-2631835.94,-70.9081
-2626953.12,-70.8769
-2622070.31,-70.8651
-2617187.50,-70.8846
-2612304.69,-70.8133
-2607421.88,-70.9321
-2602539.06,-70.9715
-2597656.25,-70.9523
-2592773.44,-70.9966
-2587890.62,-70.9100
-2583007.81,-70.9239
-2578125.00,-70.9206
-2573242.19,-70.9361
-2568359.38,-70.9768
-2563476.56,-70.8629
-2558593.75,-70.8800
-2553710.94,-70.9590
-2548828.12,-70.9469
-2543945.31,-70.8923
-2539062.50,-70.9502
-2534179.69,-70.9133
-2529296.88,-70.9105
-2524414.06,-70.8913
-2519531.25,-70.8590
-2514648.44,-70.8952
-2509765.62,-70.9664
-2504882.81,-70.9569
-2500000.00,-70.9350
-2495117.19,-70.9479
-2490234.38,-70.9675
-2485351.56,-70.9539
-2480468.75,-70.9214
-2475585.94,-70.9501
-2470703.12,-70.8767
-2465820.31,-70.8143
-2460937.50,-70.8672
-2456054.69,-70.9596
-2451171.88,-71.0018
-2446289.06,-70.9334
-2441406.25,-70.9073
-2436523.44,-70.9756
-2431640.62,-70.9322
-2426757.81,-70.9401
-2421875.00,-70.9007
-2416992.19,-70.8352
-2412109.38,-70.8187
-2407226.56,-70.8867
-2402343.75,-70.9476
-2397460.94,-70.9908
-2392578.12,-70.9510
-2387695.31,-70.8829
-2382812.50,-70.8598
-2377929.69,-70.8810
-2373046.88,-70.8881
-2368164.06,-70.8844
-2363281.25,-70.7649
-2358398.44,-70.7111
-2353515.62,-70.6820
-2348632.81,-70.5918
-2343750.00,-70.5903
-2338867.19,-70.4551
-2333984.38,-70.3780
-2329101.56,-70.3721
-2324218.75,-70.2375
-2319335.94,-70.0192
-2314453.12,-69.8932
-2309570.31,-69.8126
-2304687.50,-69.7243
-2299804.69,-69.6497
-2294921.88,-69.6612
-2290039.06,-69.8849
-2285156.25,-70.0494
-2280273.44,-70.2709
-2275390.62,-70.4918
-2270507.81,-70.5960
-2265625.00,-70.6171
-2260742.19,-70.6788
-2255859.38,-70.8026
-2250976.56,-70.8378
-2246093.75,-70.7970
-2241210.94,-70.8886
-2236328.12,-70.9503
-2231445.31,-70.8842
-2226562.50,-70.8291
-2221679.69,-70.9074
-2216796.88,-70.8691
-2211914.06,-70.8456
-2207031.25,-70.8347
-2202148.44,-70.8683
-2197265.62,-70.9132
-2192382.81,-70.8754
-2187500.00,-70.9251
-2182617.19,-70.9566
-2177734.38,-70.8957
-2172851.56,-70.9495
-2167968.75,-70.8476
-2163085.94,-70.9250
-2158203.12,-70.9253
-2153320.31,-70.8586
-2148437.50,-70.8804
-2143554.69,-70.9735
-2138671.88,-70.8464
-2133789.06,-70.8100
-2128906.25,-70.8895
-2124023.44,-70.8884
-2119140.62,-70.9338
-2114257.81,-70.9706
-2109375.00,-70.9569
-2104492.19,-70.9542
-2099609.38,-70.9739
-2094726.56,-70.9776
-2089843.75,-70.8769
-2084960.94,-70.9338
-2080078.12,-70.9567
-2075195.31,-70.8943
-2070312.50,-70.9082
-2065429.69,-70.9367
-2060546.88,-70.8762
-2055664.06,-70.8820
-2050781.25,-70.9354
-2045898.44,-70.8539
-2041015.62,-70.8182
-2036132.81,-70.8528
-2031250.00,-70.9592
-2026367.19,-70.9011
-2021484.38,-70.8763
-2016601.56,-70.9556
-2011718.75,-70.8615
-2006835.94,-70.8202
-2001953.12,-70.3456
-1997070.31,-70.4408
-1992187.50,-70.8744
-1987304.69,-70.9426
-1982421.88,-70.9249
-1977539.06,-70.9147
-1972656.25,-70.8271
-1967773.44,-70.8199
-1962890.62,-70.8603
-1958007.81,-70.9107
-1953125.00,-70.8991
-1948242.19,-70.9366
-1943359.38,-70.9164
-1938476.56,-70.8847
-1933593.75,-70.8389
-1928710.94,-70.8825
-1923828.12,-70.9367
-1918945.31,-70.8803
-1914062.50,-70.7920
-1909179.69,-70.8816
-1904296.88,-70.8805
-1899414.06,-70.8804
-1894531.25,-70.9620
-1889648.44,-70.9800
-1884765.62,-70.8917
-1879882.81,-70.8688
-1875000.00,-70.8967
-1870117.19,-70.8332
-1865234.38,-70.9169
-1860351.56,-70.8654
-1855468.75,-70.8038
-1850585.94,-70.9025
-1845703.12,-70.9611
-1840820.31,-70.9345
-1835937.50,-70.8982
-1831054.69,-70.9515
-1826171.88,-70.9265
-1821289.06,-70.9035
-1816406.25,-70.9054
-1811523.44,-70.8598
-1806640.62,-70.8722
-1801757.81,-70.8650
-1796875.00,-70.9135
-1791992.19,-70.8600
-1787109.38,-70.9075
-1782226.56,-70.8813
-1777343.75,-70.8856
-1772460.94,-70.8638
-1767578.12,-70.8667
-1762695.31,-70.8868
-1757812.50,-70.8190
-1752929.69,-70.7413
-1748046.88,-70.7704
-1743164.06,-70.7925
-1738281.25,-70.7357
-1733398.44,-70.6562
-1728515.62,-70.6431
-1723632.81,-70.4717
-1718750.00,-70.3319
-1713867.19,-70.2122
-1708984.38,-70.1197
-1704101.56,-69.9862
-1699218.75,-69.7971
-1694335.94,-69.9199
-1689453.12,-70.0283
-1684570.31,-70.1431
-1679687.50,-70.2601
-1674804.69,-70.3792
-1669921.88,-70.4298
-1665039.06,-70.5199
-1660156.25,-70.7401
-1655273.44,-70.7301
-1650390.62,-70.6699
-1645507.81,-70.7583
-1640625.00,-70.7348
-1635742.19,-70.7405
-1630859.38,-70.6745
-1625976.56,-70.7330
-1621093.75,-70.7615
-1616210.94,-70.8425
-1611328.12,-70.7811
-1606445.31,-70.8022
-1601562.50,-70.8486
-1596679.69,-70.9085
-1591796.88,-70.8392
-1586914.06,-70.8190
-1582031.25,-70.8252
-1577148.44,-70.8647
-1572265.62,-70.8727
-1567382.81,-70.8196
-1562500.00,-70.8309
-1557617.19,-70.8806
-1552734.38,-70.8583
-1547851.56,-70.8862
-1542968.75,-70.8378
-1538085.94,-70.8112
-1533203.12,-70.8268
-1528320.31,-70.9405
-1523437.50,-70.8853
-1518554.69,-70.7797
-1513671.88,-70.8159
-1508789.06,-70.8637
-1503906.25,-70.8410
-1499023.44,-70.7994
-1494140.62,-70.8068
-1489257.81,-70.8572
-1484375.00,-70.8849
-1479492.19,-70.8269
-1474609.38,-70.9206
-1469726.56,-70.8835
-1464843.75,-70.8541
-1459960.94,-70.8142
-1455078.12,-70.7768
-1450195.31,-70.7881
-1445312.50,-70.8528
-1440429.69,-70.8437
-1435546.88,-70.7717
-1430664.06,-70.7950
-1425781.25,-70.8153
-1420898.44,-70.8882
-1416015.62,-70.8786
-1411132.81,-70.8711
-1406250.00,-70.8646
-1401367.19,-70.9035
-1396484.38,-70.8428
-1391601.56,-70.8199
-1386718.75,-70.8658
-1381835.94,-70.8279
-1376953.12,-70.7700
-1372070.31,-70.8276
-1367187.50,-70.8898
-1362304.69,-70.9146
-1357421.88,-70.8205
-1352539.06,-70.7269
-1347656.25,-70.8286
-1342773.44,-70.8835
-1337890.62,-70.8883
-1333007.81,-70.8627
-1328125.00,-70.8745
-1323242.19,-70.8168
-1318359.38,-70.8727
-1313476.56,-70.8697
-1308593.75,-70.8729
-1303710.94,-70.8056
-1298828.12,-70.8105
-1293945.31,-70.7975
-1289062.50,-70.7282
-1284179.69,-70.7802
-1279296.88,-70.8507
-1274414.06,-70.8645
-1269531.25,-70.8574
-1264648.44,-70.8096
-1259765.62,-70.8038
-1254882.81,-70.8744
-1250000.00,-70.8755
-1245117.19,-70.8749
-1240234.38,-70.8497
-1235351.56,-70.7876
-1230468.75,-70.7703
-1225585.94,-70.8716
-1220703.12,-70.8922
-1215820.31,-70.8365
-1210937.50,-70.7615
-1206054.69,-70.7787
-1201171.88,-70.7423
-1196289.06,-70.6816
-1191406.25,-70.6527
-1186523.44,-70.7429
-1181640.62,-70.7646
-1176757.81,-70.7283
-1171875.00,-70.8240
-1166992.19,-70.8305
-1162109.38,-70.8433
-1157226.56,-70.8532
-1152343.75,-70.7454
-1147460.94,-70.8281
-1142578.12,-70.8467
-1137695.31,-70.8215
-1132812.50,-70.7914
-1127929.69,-70.8234
-1123046.88,-70.8588
-1118164.06,-70.8441
-1113281.25,-70.8639
-1108398.44,-70.8145
-1103515.62,-70.7882
-1098632.81,-70.8689
-1093750.00,-70.8916
-1088867.19,-70.8723
-1083984.38,-70.8139
-1079101.56,-70.8554
-1074218.75,-70.8329
-1069335.94,-70.7887
-1064453.12,-70.8603
-1059570.31,-70.8935
-1054687.50,-70.8037
-1049804.69,-70.8984
-1044921.88,-70.8757
-1040039.06,-70.8369
-1035156.25,-70.8493
-1030273.44,-70.9251
-1025390.62,-70.8469
-1020507.81,-70.8247
-1015625.00,-70.7468
-1010742.19,-70.7918
-1005859.38,-70.8187
-1000976.56,-70.8204
-996093.75,-70.8861
-991210.94,-70.8274
-986328.12,-70.8961
-981445.31,-70.8357
-976562.50,-70.8195
-971679.69,-70.8662
-966796.88,-70.8339
-961914.06,-70.8278
-957031.25,-70.8409
-952148.44,-70.8019
-947265.62,-70.8284
-942382.81,-70.8352
-937500.00,-70.8600
-932617.19,-70.8255
-927734.38,-70.7647
-922851.56,-70.8102
-917968.75,-70.8423
-913085.94,-70.8630
-908203.12,-70.8260
-903320.31,-70.8160
-898437.50,-70.7848
-893554.69,-70.8379
-888671.88,-70.8952
-883789.06,-70.8547
-878906.25,-70.8573
-874023.44,-70.8335
-869140.62,-70.8441
-864257.81,-70.8264
-859375.00,-70.8411
-854492.19,-70.8772
-849609.38,-70.9328
-844726.56,-70.8309
-839843.75,-70.9048
-834960.94,-70.8091
-830078.12,-70.8080
-825195.31,-70.8198
-820312.50,-70.8086
-815429.69,-70.8536
-810546.88,-70.8069
-805664.06,-70.7196
-800781.25,-70.7800
-795898.44,-70.9008
-791015.62,-70.8502
-786132.81,-70.8543
-781250.00,-70.8558
-776367.19,-70.8887
-771484.38,-70.8568
-766601.56,-70.7496
-761718.75,-70.7457
-756835.94,-70.8095
-751953.12,-70.7671
-747070.31,-70.7089
-742187.50,-70.8215
-737304.69,-70.8793
-732421.88,-70.8572
-727539.06,-70.8383
-722656.25,-70.8394
-717773.44,-70.8759
-712890.62,-70.8149
-708007.81,-70.7554
-703125.00,-70.8089
-698242.19,-70.7868
-693359.38,-70.8831
-688476.56,-70.8371
-683593.75,-70.8689
-678710.94,-70.8967
-673828.12,-70.8817
-668945.31,-70.7732
-664062.50,-70.8423
-659179.69,-70.8465
-654296.88,-70.8946
-649414.06,-70.8250
-644531.25,-70.8130
-639648.44,-70.8219
-634765.62,-70.8974
-629882.81,-70.8410
-625000.00,-70.8277
-620117.19,-70.8271
-615234.38,-70.7987
-610351.56,-70.8263
-605468.75,-70.8032
-600585.94,-70.8231
-595703.12,-70.8434
-590820.31,-70.8857
-585937.50,-70.8998
-581054.69,-70.8446
-576171.88,-70.7712
-571289.06,-70.8533
-566406.25,-70.8843
-561523.44,-70.8566
-556640.62,-70.8154
-551757.81,-70.8982
-546875.00,-70.8894
-541992.19,-70.8159
-537109.38,-70.8238
-532226.56,-70.8655
-527343.75,-70.8827
-522460.94,-70.8570
-517578.12,-70.8230
-512695.31,-70.8155
-507812.50,-70.8322
-502929.69,-70.8749
-498046.88,-70.8030
-493164.06,-70.8071
-488281.25,-70.7962
-483398.44,-70.8502
-478515.62,-70.8456
-473632.81,-70.8454
-468750.00,-70.9007
-463867.19,-70.9173
-458984.38,-70.8989
-454101.56,-70.7928
-449218.75,-70.8037
-444335.94,-70.8297
-439453.12,-70.8207
-434570.31,-70.7756
-429687.50,-70.8152
-424804.69,-70.7563
-419921.88,-70.8193
-415039.06,-70.8662
-410156.25,-70.7795
-405273.44,-70.8099
-400390.62,-70.7788
-395507.81,-70.8369
-390625.00,-70.8768
-385742.19,-70.9233
-380859.38,-70.8846
-375976.56,-70.8335
-371093.75,-70.7652
-366210.94,-70.8130
-361328.12,-70.8872
-356445.31,-70.8843
-351562.50,-70.8974
-346679.69,-70.8990
-341796.88,-70.8131
-336914.06,-70.7975
-332031.25,-70.7999
-327148.44,-70.8510
-322265.62,-70.8971
-317382.81,-70.8467
-312500.00,-70.9030
-307617.19,-70.8524
-302734.38,-70.8127
-297851.56,-70.7562
-292968.75,-70.7659
-288085.94,-70.8230
-283203.12,-70.8290
-278320.31,-70.8751
-273437.50,-70.8682
-268554.69,-70.8358
-263671.88,-70.8520
-258789.06,-70.7844
-253906.25,-70.7762
-249023.44,-70.7863
-244140.62,-70.8020
-239257.81,-70.8102
-234375.00,-70.8267
-229492.19,-70.7654
-224609.38,-70.7638
-219726.56,-70.8121
-214843.75,-70.7970
-209960.94,-70.7817
-205078.12,-70.7908
-200195.31,-70.7768
-195312.50,-70.7173
-190429.69,-70.7767
-185546.88,-70.7994
-180664.06,-70.8151
-175781.25,-70.8032
-170898.44,-70.6960
-166015.62,-70.7482
-161132.81,-70.8122
-156250.00,-70.8424
-151367.19,-70.7979
-146484.38,-70.7416
-141601.56,-70.7842
-136718.75,-70.8004
-131835.94,-70.7160
-126953.12,-70.7599
-122070.31,-70.7274
-117187.50,-70.6253
-112304.69,-70.5826
-107421.88,-70.6657
-102539.06,-70.6276
-97656.25,-70.7679
-92773.44,-70.7751
-87890.62,-70.7249
-83007.81,-70.6812
-78125.00,-70.7104
-73242.19,-70.7078
-68359.38,-70.7028
-63476.56,-70.6941
-58593.75,-70.6597
-53710.94,-70.5639
-48828.12,-70.5917
-43945.31,-70.5561
-39062.50,-70.5193
-34179.69,-70.5024
-29296.88,-70.4947
-24414.06,-70.2958
-19531.25,-70.1932
-14648.44,-70.2443
-9765.62,-70.2443
-4882.81,-70.2443
0.00,-70.2443
4882.81,-70.2443
9765.62,-70.2443
14648.44,-70.2443
19531.25,-70.2960
24414.06,-70.3569
29296.88,-70.4041
34179.69,-70.5278
39062.50,-70.5184
43945.31,-70.6284
48828.12,-70.6389
53710.94,-70.6362
58593.75,-70.7008
63476.56,-70.6521
68359.38,-70.6128
73242.19,-70.7159
78125.00,-70.7482
83007.81,-70.7208
87890.62,-70.7398
92773.44,-70.7441
97656.25,-70.7428
102539.06,-70.7306
107421.88,-70.6914
112304.69,-70.8068
117187.50,-70.8382
122070.31,-70.7726
126953.12,-70.7643
131835.94,-70.7834
136718.75,-70.8192
141601.56,-70.8572
146484.38,-70.8685
151367.19,-70.8794
156250.00,-70.7907
161132.81,-70.8044
166015.62,-70.8070
170898.44,-70.7865
175781.25,-70.8019
180664.06,-70.8605
185546.88,-70.8366
190429.69,-70.8295
195312.50,-70.8078
200195.31,-70.7624
205078.12,-70.7486
209960.94,-70.7798
214843.75,-70.7732
219726.56,-70.8329
224609.38,-70.8627
229492.19,-70.8086
234375.00,-70.7525
239257.81,-70.8305
244140.62,-70.8146
249023.44,-70.8365
253906.25,-70.8551
258789.06,-70.8969
263671.88,-70.8479
268554.69,-70.7861
273437.50,-70.8506
278320.31,-70.8032
283203.12,-70.8671
288085.94,-70.8081
292968.75,-70.8535
297851.56,-70.8496
302734.38,-70.8468
307617.19,-70.8074
312500.00,-70.8545
317382.81,-70.8707
322265.62,-70.8236
327148.44,-70.8668
332031.25,-70.8355
336914.06,-70.8787
341796.88,-70.8242
346679.69,-70.8719
351562.50,-70.8538
356445.31,-70.8406
361328.12,-70.8476
366210.94,-70.8835
371093.75,-70.8914
375976.56,-70.8447
380859.38,-70.8635
385742.19,-70.8145
390625.00,-70.8106
395507.81,-70.9000
400390.62,-70.8868
405273.44,-70.8140
410156.25,-70.8628
415039.06,-70.8799
419921.88,-70.8743
424804.69,-70.8783
429687.50,-70.8840
434570.31,-70.8501
439453.12,-70.8587
444335.94,-70.8650
449218.75,-70.8982
454101.56,-70.8284
458984.38,-70.8553
463867.19,-70.7638
468750.00,-70.8516
473632.81,-70.8544
478515.62,-70.9230
483398.44,-70.8554
488281.25,-70.8484
493164.06,-70.8406
498046.88,-70.8674
502929.69,-70.9574
507812.50,-70.8907
512695.31,-70.7807
517578.12,-70.8122
522460.94,-70.8998
527343.75,-70.9408
532226.56,-70.9128
537109.38,-70.9791
541992.19,-70.9946
546875.00,-70.9430
551757.81,-70.8738
556640.62,-70.7972
561523.44,-70.8153
566406.25,-70.8271
571289.06,-70.8887
576171.88,-70.9318
581054.69,-70.8739
585937.50,-70.8960
590820.31,-70.8880
595703.12,-70.8637
600585.94,-70.8452
605468.75,-70.8460
610351.56,-70.9365
615234.38,-70.8539
620117.19,-70.8991
625000.00,-70.8919
629882.81,-70.8614
634765.62,-70.8907
639648.44,-70.9174
644531.25,-70.8368
649414.06,-70.9473
654296.88,-70.9792
659179.69,-70.8919
664062.50,-70.7995
668945.31,-70.9625
673828.12,-70.9970
678710.94,-70.9618
683593.75,-70.8618
688476.56,-70.9065
693359.38,-70.8625
698242.19,-70.8418
703125.00,-70.9032
708007.81,-70.9431
712890.62,-70.8710
717773.44,-70.9869
722656.25,-71.0098
727539.06,-70.9898
732421.88,-70.9445
737304.69,-70.8385
742187.50,-70.8938
747070.31,-70.8918
751953.12,-70.8859
756835.94,-70.9567
761718.75,-70.8891
766601.56,-70.8426
771484.38,-70.8815
776367.19,-70.8783
781250.00,-70.8458
786132.81,-70.8265
791015.62,-70.7854
795898.44,-70.8183
800781.25,-70.9208
805664.06,-70.8896
810546.88,-70.8088
815429.69,-70.8505
820312.50,-70.9406
825195.31,-70.9351
830078.12,-70.8681
834960.94,-70.8625
839843.75,-70.9039
844726.56,-70.8544
849609.38,-70.9359
854492.19,-70.9868
859375.00,-70.8717
864257.81,-70.8501
869140.62,-70.8895
874023.44,-70.9505
878906.25,-70.9626
883789.06,-70.9705
888671.88,-70.9335
893554.69,-70.8551
898437.50,-70.8532
903320.31,-70.8498
908203.12,-70.8077
913085.94,-70.8484
917968.75,-70.8697
922851.56,-70.8943
927734.38,-70.8897
932617.19,-70.8542
937500.00,-70.9306
942382.81,-70.9088
947265.62,-70.8454
952148.44,-70.8121
957031.25,-70.8869
961914.06,-70.9368
966796.88,-70.8697
971679.69,-70.8953
976562.50,-70.8503
981445.31,-70.8414
986328.12,-70.7986
991210.94,-70.8238
996093.75,-70.9152
1000976.56,-70.9277
1005859.38,-70.8171
1010742.19,-70.7925
1015625.00,-70.8309
1020507.81,-70.8633
1025390.62,-70.8058
1030273.44,-70.8329
1035156.25,-70.8653
1040039.06,-70.8615
1044921.88,-70.8903
1049804.69,-70.8766
1054687.50,-70.8631
1059570.31,-70.8662
1064453.12,-70.8237
1069335.94,-70.8831
1074218.75,-70.8858
1079101.56,-70.8683
1083984.38,-70.7980
1088867.19,-70.7890
1093750.00,-70.8695
1098632.81,-70.9074
1103515.62,-70.8658
1108398.44,-70.8780
1113281.25,-70.9163
1118164.06,-70.8794
1123046.88,-70.7811
1127929.69,-70.7513
1132812.50,-70.7196
1137695.31,-70.7763
1142578.12,-70.8736
1147460.94,-70.8168
1152343.75,-70.9452
1157226.56,-70.9720
1162109.38,-70.8835
1166992.19,-70.9097
1171875.00,-70.8584
1176757.81,-70.8764
1181640.62,-70.9051
1186523.44,-70.8772
1191406.25,-70.8346
1196289.06,-70.8578
1201171.88,-70.8635
1206054.69,-70.8952
1210937.50,-70.8958
1215820.31,-70.8001
1220703.12,-70.8105
1225585.94,-70.8399
1230468.75,-70.8851
1235351.56,-70.9275
1240234.38,-70.9231
1245117.19,-70.8911
1250000.00,-70.8403
1254882.81,-70.9391
1259765.62,-70.8691
1264648.44,-70.7757
1269531.25,-70.8332
1274414.06,-70.8748
1279296.88,-70.8586
1284179.69,-70.8664
1289062.50,-70.8946
1293945.31,-70.9373
1298828.12,-70.9262
1303710.94,-70.9107
1308593.75,-70.8052
1313476.56,-70.7988
1318359.38,-70.8758
1323242.19,-70.8447
1328125.00,-70.8568
1333007.81,-70.8451
1337890.62,-70.8266
1342773.44,-70.8258
1347656.25,-70.9157
1352539.06,-70.9160
1357421.88,-70.8431
1362304.69,-70.8553
1367187.50,-70.8562
1372070.31,-70.8769
1376953.12,-70.8192
1381835.94,-70.7969
1386718.75,-70.8106
1391601.56,-70.7651
1396484.38,-70.8658
1401367.19,-70.9024
1406250.00,-70.8838
1411132.81,-70.8247
1416015.62,-70.9411
1420898.44,-70.8836
1425781.25,-70.7986
1430664.06,-70.8936
1435546.88,-70.8620
1440429.69,-70.8171
1445312.50,-70.8911
1450195.31,-70.8272
1455078.12,-70.8364
1459960.94,-70.8725
1464843.75,-70.9126
1469726.56,-70.8614
1474609.38,-70.8371
1479492.19,-70.8340
1484375.00,-70.8732
1489257.81,-70.8908
1494140.62,-70.8530
1499023.44,-70.8260
1503906.25,-70.8479
1508789.06,-70.8919
1513671.88,-70.8435
1518554.69,-70.8656
1523437.50,-70.8630
1528320.31,-70.8658
1533203.12,-70.8448
1538085.94,-70.8269
1542968.75,-70.8471
1547851.56,-70.8368
1552734.38,-70.8806
1557617.19,-70.8410
1562500.00,-70.8538
1567382.81,-70.9073
1572265.62,-70.8692
1577148.44,-70.9239
1582031.25,-70.9474
1586914.06,-70.8207
1591796.88,-70.8449
1596679.69,-70.9523
1601562.50,-70.8970
1606445.31,-70.8706
1611328.12,-70.8292
1616210.94,-70.7891
1621093.75,-70.8242
1625976.56,-70.8076
1630859.38,-70.8173
1635742.19,-70.8745
1640625.00,-70.9074
1645507.81,-70.7831
1650390.62,-70.8093
1655273.44,-70.7862
1660156.25,-70.7095
1665039.06,-70.6508
1669921.88,-70.5004
1674804.69,-70.5219
1679687.50,-70.5162
1684570.31,-70.3853
1689453.12,-70.2919
1694335.94,-70.1909
1699218.75,-70.2334
1704101.56,-70.2056
1708984.38,-70.1848
1713867.19,-70.2692
1718750.00,-70.3345
1723632.81,-70.2895
1728515.62,-70.3658
1733398.44,-70.3569
1738281.25,-70.5414
1743164.06,-70.5980
1748046.88,-70.6138
1752929.69,-70.5320
1757812.50,-70.5094
1762695.31,-70.6715
1767578.12,-70.8120
1772460.94,-70.8408
1777343.75,-70.8480
1782226.56,-70.8004
1787109.38,-70.7825
1791992.19,-70.7902
1796875.00,-70.8340
1801757.81,-70.8252
1806640.62,-70.8471
1811523.44,-70.8954
1816406.25,-70.8899
1821289.06,-70.8602
1826171.88,-70.8761
1831054.69,-70.8084
1835937.50,-70.9163
1840820.31,-70.9430
1845703.12,-70.9247
1850585.94,-70.9191
1855468.75,-70.9165
1860351.56,-70.8638
1865234.38,-70.8417
1870117.19,-70.8444
1875000.00,-70.8803
1879882.81,-70.8802
1884765.62,-70.8422
1889648.44,-70.9047
1894531.25,-70.8840
1899414.06,-70.8718
1904296.88,-70.9040
1909179.69,-70.8555
1914062.50,-70.8705
1918945.31,-70.8650
1923828.12,-70.8000
1928710.94,-70.8703
1933593.75,-70.8525
1938476.56,-70.8060
1943359.38,-70.8724
1948242.19,-70.9029
1953125.00,-70.8864
1958007.81,-70.8992
1962890.62,-70.7972
1967773.44,-70.8073
1972656.25,-70.8249
1977539.06,-70.8474
1982421.88,-70.8577
1987304.69,-70.9102
1992187.50,-70.8416
1997070.31,-70.5094
2001953.12,-70.3610
2006835.94,-70.8545
2011718.75,-70.8476
2016601.56,-70.7997
2021484.38,-70.7988
2026367.19,-70.8685
2031250.00,-70.9037
2036132.81,-70.8861
2041015.62,-70.8095
2045898.44,-70.8544
2050781.25,-70.9031
2055664.06,-70.8768
2060546.88,-70.8638
2065429.69,-70.8826
2070312.50,-70.8342
2075195.31,-70.8349
2080078.12,-70.8995
2084960.94,-70.9093
2089843.75,-70.8792
2094726.56,-70.8947
2099609.38,-70.8788
2104492.19,-70.9362
2109375.00,-70.8404
2114257.81,-70.8849
2119140.62,-70.9019
2124023.44,-70.8701
2128906.25,-70.8868
2133789.06,-70.8997
2138671.88,-70.9032
2143554.69,-70.9047
2148437.50,-70.8942
2153320.31,-70.8642
2158203.12,-70.8865
2163085.94,-70.8701
2167968.75,-70.8449
2172851.56,-70.8667
2177734.38,-70.8592
2182617.19,-70.9298
2187500.00,-70.8475
2192382.81,-70.8297
2197265.62,-70.8080
2202148.44,-70.8919
2207031.25,-70.9165
2211914.06,-70.9614
2216796.88,-70.9194
2221679.69,-70.8530
2226562.50,-70.8955
2231445.31,-70.8554
2236328.12,-70.8401
2241210.94,-70.8238
2246093.75,-70.8381
2250976.56,-70.8696
2255859.38,-70.8602
2260742.19,-70.8122
2265625.00,-70.7850
2270507.81,-70.9146
2275390.62,-70.9181
2280273.44,-70.8977
2285156.25,-70.8074
2290039.06,-70.7912
2294921.88,-70.7774
2299804.69,-70.7250
2304687.50,-70.7935
2309570.31,-70.7135
2314453.12,-70.7544
2319335.94,-70.8032
2324218.75,-70.8076
2329101.56,-70.7452
2333984.38,-70.7506
2338867.19,-70.8380
2343750.00,-70.8150
2348632.81,-70.7769
2353515.62,-70.8507
2358398.44,-70.8784
2363281.25,-70.9168
2368164.06,-70.9019
2373046.88,-70.8284
2377929.69,-70.8910
2382812.50,-70.9593
2387695.31,-70.8577
2392578.12,-70.8920
2397460.94,-70.9012
2402343.75,-70.8491
2407226.56,-70.9136
2412109.38,-70.8452
2416992.19,-70.8544
2421875.00,-70.8612
2426757.81,-70.8820
2431640.62,-70.7954
2436523.44,-70.8267
2441406.25,-70.8200
2446289.06,-70.8686
2451171.88,-70.8529
2456054.69,-70.8170
2460937.50,-70.8048
2465820.31,-70.8573
2470703.12,-70.9469
2475585.94,-70.9222
2480468.75,-70.8148
2485351.56,-70.8246
2490234.38,-70.8240
2495117.19,-70.8472
2500000.00,-70.8374
2504882.81,-70.8561
2509765.62,-70.8010
2514648.44,-70.8791
2519531.25,-70.9153
2524414.06,-70.8795
2529296.88,-70.9092
2534179.69,-70.8830
2539062.50,-70.9258
2543945.31,-70.9808
2548828.12,-70.9374
2553710.94,-70.9094
2558593.75,-70.8475
2563476.56,-70.8509
2568359.38,-70.8936
2573242.19,-70.9080
2578125.00,-70.8872
2583007.81,-70.8377
2587890.62,-70.8383
2592773.44,-70.8444
2597656.25,-70.8371
2602539.06,-70.8520
2607421.88,-70.7750
2612304.69,-70.8073
2617187.50,-70.9016
2622070.31,-70.8585
2626953.12,-70.8360
2631835.94,-70.8194
2636718.75,-70.8447
2641601.56,-70.9051
2646484.38,-70.9080
2651367.19,-70.9643
2656250.00,-70.9297
2661132.81,-70.8771
2666015.62,-70.8786
2670898.44,-70.9167
2675781.25,-70.8532
2680664.06,-70.8728
2685546.88,-70.8912
2690429.69,-70.9701
2695312.50,-70.8512
2700195.31,-70.7862
2705078.12,-70.8869
2709960.94,-70.8831
2714843.75,-70.8448
2719726.56,-70.7926
2724609.38,-70.8647
2729492.19,-70.8664
2734375.00,-70.9088
2739257.81,-70.9744
2744140.62,-70.9086
2749023.44,-70.8565
2753906.25,-70.9147
2758789.06,-70.9692
2763671.88,-70.9684
2768554.69,-70.8522
2773437.50,-70.9366
2778320.31,-70.9008
2783203.12,-70.8996
2788085.94,-70.8891
2792968.75,-70.9725
2797851.56,-71.0179
2802734.38,-70.9848
2807617.19,-70.9296
2812500.00,-70.9930
2817382.81,-70.9599
2822265.62,-70.9392
2827148.44,-70.9341
2832031.25,-70.9188
2836914.06,-70.9016
2841796.88,-70.8832
2846679.69,-70.9126
2851562.50,-70.9033
2856445.31,-70.9203
2861328.12,-70.8765
2866210.94,-70.9067
2871093.75,-70.9532
2875976.56,-70.9731
2880859.38,-70.9232
2885742.19,-70.8918
2890625.00,-70.9444
2895507.81,-70.9002
2900390.62,-70.8969
2905273.44,-71.0011
2910156.25,-70.9725
2915039.06,-70.9686
2919921.88,-70.8925
2924804.69,-70.8754
2929687.50,-70.9388
2934570.31,-70.8557
2939453.12,-70.8714
2944335.94,-70.9116
2949218.75,-70.9488
2954101.56,-70.9150
2958984.38,-70.8439
2963867.19,-70.8612
2968750.00,-70.8610
2973632.81,-70.8450
2978515.62,-70.8637
2983398.44,-70.8783
2988281.25,-70.9113
2993164.06,-70.8911
2998046.88,-70.6147
3002929.69,-70.7174
3007812.50,-70.9288
3012695.31,-70.8574
3017578.12,-70.9206
3022460.94,-70.8770
3027343.75,-70.8952
3032226.56,-70.8807
3037109.38,-70.9110
3041992.19,-70.9083
3046875.00,-70.8876
3051757.81,-70.8598
3056640.62,-70.8084
3061523.44,-70.9091
3066406.25,-70.9487
3071289.06,-70.9086
3076171.88,-70.9146
3081054.69,-70.9351
3085937.50,-70.8589
3090820.31,-70.8990
3095703.12,-70.8693
3100585.94,-70.9679
3105468.75,-71.0366
3110351.56,-70.9503
3115234.38,-70.8919
3120117.19,-70.8999
3125000.00,-70.8529
3129882.81,-70.8563
3134765.62,-70.8717
3139648.44,-70.8487
3144531.25,-70.8520
3149414.06,-70.8091
3154296.88,-70.7891
3159179.69,-70.8426
3164062.50,-70.7824
3168945.31,-70.7879
3173828.12,-70.8204
3178710.94,-70.8525
3183593.75,-70.8030
3188476.56,-70.8678
3193359.38,-70.9191
3198242.19,-70.8954
3203125.00,-70.8467
3208007.81,-70.8515
3212890.62,-70.8838
3217773.44,-70.8233
3222656.25,-70.8074
3227539.06,-70.7897
3232421.88,-70.7607
3237304.69,-70.8559
3242187.50,-70.7699
3247070.31,-70.6878
3251953.12,-70.7790
3256835.94,-70.8182
3261718.75,-70.7777
3266601.56,-70.8826
3271484.38,-70.8481
3276367.19,-70.8044
3281250.00,-70.8226
3286132.81,-70.8680
3291015.62,-70.8751
3295898.44,-70.8904
3300781.25,-70.8880
3305664.06,-70.9012
3310546.88,-70.8438
3315429.69,-70.9161
3320312.50,-70.9144
3325195.31,-70.8399
3330078.12,-70.9251
3334960.94,-70.8314
3339843.75,-70.8958
3344726.56,-70.9211
3349609.38,-70.8825
3354492.19,-70.8931
3359375.00,-70.8932
3364257.81,-70.8383
3369140.62,-70.9002
3374023.44,-70.8629
3378906.25,-70.8841
3383789.06,-70.8212
3388671.88,-70.8498
3393554.69,-70.8388
3398437.50,-70.8338
3403320.31,-70.9179
3408203.12,-70.8720
3413085.94,-70.9055
3417968.75,-70.8292
3422851.56,-70.8637
3427734.38,-70.8779
3432617.19,-70.8366
3437500.00,-70.8376
3442382.81,-70.8694
3447265.62,-70.8887
3452148.44,-70.8791
3457031.25,-70.9094
3461914.06,-70.9052
3466796.88,-70.9119
3471679.69,-70.9129
3476562.50,-70.9336
3481445.31,-70.8928
3486328.12,-70.9066
3491210.94,-70.8870
3496093.75,-70.9151
3500976.56,-70.8797
3505859.38,-70.8875
3510742.19,-70.8284
3515625.00,-70.8799
3520507.81,-70.8924
3525390.62,-70.8742
3530273.44,-70.9487
3535156.25,-70.9565
3540039.06,-70.9314
3544921.88,-70.9348
3549804.69,-70.9113
3554687.50,-70.7854
3559570.31,-70.8151
3564453.12,-70.8953
3569335.94,-70.8950
3574218.75,-70.8076
3579101.56,-70.8053
3583984.38,-70.9106
3588867.19,-70.8490
3593750.00,-70.8772
3598632.81,-70.8164
3603515.62,-70.8258
3608398.44,-70.8222
3613281.25,-70.8043
3618164.06,-70.8684
3623046.88,-70.8935
3627929.69,-70.8874
3632812.50,-70.8126
3637695.31,-70.8332
3642578.12,-70.8783
3647460.94,-70.8564
3652343.75,-70.6773
3657226.56,-70.7380
3662109.38,-70.7258
3666992.19,-70.6897
3671875.00,-70.6123
3676757.81,-70.3468
3681640.62,-70.2112
3686523.44,-70.0780
3691406.25,-69.8785
3696289.06,-69.7888
3701171.88,-69.7955
3706054.69,-69.7574
3710937.50,-69.7502
3715820.31,-69.8055
3720703.12,-69.7644
3725585.94,-69.6988
3730468.75,-69.7678
3735351.56,-69.9836
3740234.38,-70.1470
3745117.19,-70.2882
3750000.00,-70.3594
3754882.81,-70.4222
3759765.62,-70.5867
3764648.44,-70.6166
3769531.25,-70.5979
3774414.06,-70.6435
3779296.88,-70.7618
3784179.69,-70.8613
3789062.50,-70.9065
3793945.31,-70.8465
3798828.12,-70.8531
3803710.94,-70.8636
3808593.75,-70.8855
3813476.56,-70.8772
3818359.38,-70.8713
3823242.19,-70.9183
3828125.00,-70.8818
3833007.81,-70.8955
3837890.62,-70.9529
3842773.44,-70.8825
3847656.25,-70.7948
3852539.06,-70.8116
3857421.88,-70.8731
3862304.69,-70.8051
3867187.50,-70.8281
3872070.31,-70.8183
3876953.12,-70.8121
3881835.94,-70.8721
3886718.75,-70.8332
3891601.56,-70.8925
3896484.38,-70.9497
3901367.19,-70.9251
3906250.00,-70.8662
3911132.81,-70.8453
3916015.62,-70.7948
3920898.44,-70.9204
3925781.25,-70.8852
3930664.06,-70.8595
3935546.88,-70.8815
3940429.69,-70.8688
3945312.50,-70.9053
3950195.31,-70.8701
3955078.12,-70.8842
3959960.94,-70.9123
3964843.75,-70.8634
3969726.56,-70.8827
3974609.38,-70.8953
3979492.19,-70.8165
3984375.00,-70.8806
3989257.81,-70.8372
3994140.62,-70.8293
3999023.44,-70.7843
4003906.25,-70.8967
4008789.06,-70.8707
4013671.88,-70.8627
4018554.69,-70.8664
4023437.50,-70.8288
4028320.31,-70.8522
4033203.12,-70.9015
4038085.94,-70.8604
4042968.75,-70.8620
4047851.56,-70.8014
4052734.38,-70.7593
4057617.19,-70.7854
4062500.00,-70.8934
4067382.81,-70.8595
4072265.62,-70.8564
4077148.44,-70.8824
4082031.25,-70.8600
4086914.06,-70.8644
4091796.88,-70.7993
4096679.69,-70.8195
4101562.50,-70.8473
4106445.31,-70.8698
4111328.12,-70.8697
4116210.94,-70.9365
4121093.75,-70.9618
4125976.56,-70.9258
4130859.38,-70.8720
4135742.19,-70.8357
4140625.00,-70.8363
4145507.81,-70.7941
4150390.62,-70.8503
4155273.44,-70.8461
4160156.25,-70.9111
4165039.06,-70.8516
4169921.88,-70.8132
4174804.69,-70.7761
4179687.50,-70.8284
4184570.31,-70.8354
4189453.12,-70.8979
4194335.94,-70.9317
4199218.75,-70.9151
4204101.56,-70.9256
4208984.38,-70.9672
4213867.19,-70.9292
4218750.00,-70.9017
4223632.81,-70.8491
4228515.62,-70.9107
4233398.44,-70.8891
4238281.25,-70.8928
4243164.06,-70.8542
4248046.88,-70.8486
4252929.69,-70.9049
4257812.50,-70.9038
4262695.31,-70.8878
4267578.12,-70.8610
4272460.94,-70.8250
4277343.75,-70.7772
4282226.56,-70.7911
4287109.38,-70.8770
4291992.19,-70.9578
4296875.00,-70.9719
4301757.81,-70.9162
4306640.62,-70.8744
4311523.44,-70.9160
4316406.25,-70.8164
4321289.06,-70.8534
4326171.88,-70.8519
4331054.69,-70.9095
4335937.50,-70.8810
4340820.31,-70.8050
4345703.12,-70.8315
4350585.94,-70.9033
4355468.75,-70.8884
4360351.56,-70.8860
4365234.38,-70.8920
4370117.19,-70.8852
4375000.00,-70.8400
4379882.81,-70.8423
4384765.62,-70.8441
4389648.44,-70.7989
4394531.25,-70.8355
4399414.06,-70.8562
4404296.88,-70.8846
4409179.69,-70.8557
4414062.50,-70.8913
4418945.31,-70.9092
4423828.12,-70.9070
4428710.94,-70.8685
4433593.75,-70.7858
4438476.56,-70.8289
4443359.38,-70.8927
4448242.19,-70.8739
4453125.00,-70.8836
4458007.81,-70.8336
4462890.62,-70.8747
4467773.44,-70.8339
4472656.25,-70.8043
4477539.06,-70.8483
4482421.88,-70.8261
4487304.69,-70.8674
4492187.50,-70.9682
4497070.31,-70.8381
4501953.12,-70.8511
4506835.94,-70.8500
4511718.75,-70.8905
4516601.56,-70.8363
4521484.38,-70.8111
4526367.19,-70.8566
4531250.00,-70.8594
4536132.81,-70.8294
4541015.62,-70.8272
4545898.44,-70.8315
4550781.25,-70.7865
4555664.06,-70.8086
4560546.88,-70.8628
4565429.69,-70.7805
4570312.50,-70.8287
4575195.31,-70.9144
4580078.12,-70.8687
4584960.94,-70.8535
4589843.75,-70.8079
4594726.56,-70.8920
4599609.38,-70.8648
4604492.19,-70.8361
4609375.00,-70.9038
4614257.81,-70.9133
4619140.62,-70.8883
4624023.44,-70.8493
4628906.25,-70.8100
4633789.06,-70.8063
4638671.88,-70.8260
4643554.69,-70.8970
4648437.50,-70.9474
4653320.31,-70.8391
4658203.12,-70.8240
4663085.94,-70.8686
4667968.75,-70.8061
4672851.56,-70.8116
4677734.38,-70.8337
4682617.19,-70.9034
4687500.00,-70.8723
4692382.81,-70.7899
4697265.62,-70.8344
4702148.44,-70.9267
4707031.25,-70.9179
4711914.06,-70.8222
4716796.88,-70.8872
4721679.69,-70.9373
4726562.50,-70.8635
4731445.31,-70.8586
4736328.12,-70.8455
4741210.94,-70.8620
4746093.75,-70.8153
4750976.56,-70.8313
4755859.38,-70.8684
4760742.19,-70.9201
4765625.00,-70.8977
4770507.81,-70.8886
4775390.62,-70.8428
4780273.44,-70.8117
4785156.25,-70.8347
4790039.06,-70.8180
4794921.88,-70.8658
4799804.69,-70.9033
4804687.50,-70.8654
4809570.31,-70.8473
4814453.12,-70.8032
4819335.94,-70.8039
4824218.75,-70.7374
4829101.56,-70.7752
4833984.38,-70.8235
4838867.19,-70.9200
4843750.00,-70.8363
4848632.81,-70.8728
4853515.62,-70.8715
4858398.44,-70.8754
4863281.25,-70.8660
4868164.06,-70.8920
4873046.88,-70.8666
4877929.69,-70.7958
4882812.50,-70.7971
4887695.31,-70.8284
4892578.12,-70.8875
4897460.94,-70.8906
4902343.75,-70.8740
4907226.56,-70.8829
4912109.38,-70.8707
4916992.19,-70.8174
4921875.00,-70.7703
4926757.81,-70.7789
4931640.62,-70.8255
4936523.44,-70.9879
4941406.25,-70.8546
4946289.06,-70.9152
4951171.88,-70.9713
4956054.69,-70.8939
4960937.50,-70.9076
4965820.31,-70.8795
4970703.12,-70.8821
4975585.94,-70.9262
4980468.75,-70.9196
4985351.56,-70.8434
4990234.38,-70.8805
4995117.19,-70.8468
5000000.00,-70.7744
5004882.81,-70.8848
5009765.62,-70.9181
5014648.44,-70.8789
5019531.25,-70.8699
5024414.06,-70.8303
5029296.88,-70.8341
5034179.69,-70.8046
5039062.50,-70.8690
5043945.31,-70.8761
5048828.12,-70.8677
5053710.94,-70.9026
5058593.75,-70.8151
5063476.56,-70.8325
5068359.38,-70.8769
5073242.19,-70.8406
5078125.00,-70.9201
5083007.81,-70.9466
5087890.62,-70.9069
5092773.44,-70.9038
5097656.25,-70.9361
5102539.06,-70.9216
5107421.88,-70.8093
5112304.69,-70.8049
5117187.50,-70.9263
5122070.31,-70.9560
5126953.12,-70.9881
5131835.94,-70.9151
5136718.75,-70.9510
5141601.56,-70.9759
5146484.38,-70.9360
5151367.19,-70.9441
5156250.00,-70.9205
5161132.81,-70.8816
5166015.62,-70.8754
5170898.44,-70.8736
5175781.25,-70.8981
5180664.06,-70.8737
5185546.88,-70.8317
5190429.69,-70.8712
5195312.50,-70.9182
5200195.31,-70.8843
5205078.12,-70.8372
5209960.94,-70.9276
5214843.75,-70.9226
5219726.56,-70.9065
5224609.38,-70.9582
5229492.19,-70.9109
5234375.00,-70.9284
5239257.81,-70.8542
5244140.62,-70.8352
5249023.44,-70.8834
5253906.25,-70.9393
5258789.06,-70.9082
5263671.88,-70.8512
5268554.69,-70.9026
5273437.50,-70.8858
5278320.31,-70.9025
5283203.12,-70.9210
5288085.94,-70.8894
5292968.75,-70.9241
5297851.56,-70.9007
5302734.38,-70.8739
5307617.19,-70.9333
5312500.00,-70.9078
5317382.81,-70.9528
5322265.62,-70.9177
5327148.44,-70.8932
5332031.25,-70.8392
5336914.06,-70.8838
5341796.88,-70.9126
5346679.69,-70.9562
5351562.50,-70.8563
5356445.31,-70.9036
5361328.12,-70.9309
5366210.94,-70.9164
5371093.75,-70.8711
5375976.56,-70.8158
5380859.38,-70.8601
5385742.19,-70.9296
5390625.00,-70.9710
5395507.81,-70.9324
5400390.62,-70.9271
5405273.44,-70.8921
5410156.25,-70.8589
5415039.06,-70.8738
5419921.88,-70.8474
5424804.69,-70.8684
5429687.50,-70.9412
5434570.31,-70.8843
5439453.12,-70.8755
5444335.94,-70.9698
5449218.75,-70.9666
5454101.56,-70.9146
5458984.38,-70.9596
5463867.19,-70.9454
5468750.00,-70.8907
5473632.81,-70.8667
5478515.62,-70.8236
5483398.44,-70.8733
5488281.25,-70.8647
5493164.06,-70.8861
5498046.88,-70.9252
5502929.69,-70.8691
5507812.50,-70.8990
5512695.31,-70.9476
5517578.12,-70.9578
5522460.94,-70.9700
5527343.75,-70.9137
5532226.56,-70.8532
5537109.38,-70.9054
5541992.19,-70.9420
5546875.00,-70.8903
5551757.81,-70.9779
5556640.62,-71.0101
5561523.44,-70.8656
5566406.25,-70.8247
5571289.06,-70.8598
5576171.88,-70.8920
5581054.69,-70.8500
5585937.50,-70.8625
5590820.31,-70.8279
5595703.12,-70.8336
5600585.94,-70.6833
5605468.75,-70.3918
5610351.56,-70.3353
5615234.38,-70.3461
5620117.19,-70.2851
5625000.00,-70.1885
5629882.81,-70.0290
5634765.62,-69.9969
5639648.44,-70.0224
5644531.25,-70.0234
5649414.06,-70.0722
5654296.88,-70.1451
5659179.69,-70.1896
5664062.50,-70.1731
5668945.31,-70.2369
5673828.12,-70.3554
5678710.94,-70.3717
5683593.75,-70.4208
5688476.56,-70.5142
5693359.38,-70.5490
5698242.19,-70.6029
5703125.00,-70.6446
5708007.81,-70.5999
5712890.62,-70.5401
5717773.44,-70.4722
5722656.25,-70.4250
5727539.06,-70.3335
5732421.88,-70.3200
5737304.69,-70.2518
5742187.50,-70.2458
5747070.31,-70.2548
5751953.12,-70.2787
5756835.94,-70.2517
5761718.75,-70.2063
5766601.56,-70.1781
5771484.38,-70.2546
5776367.19,-70.3258
5781250.00,-70.4089
5786132.81,-70.4834
5791015.62,-70.4323
5795898.44,-70.4634
5800781.25,-70.7148
5805664.06,-70.8937
5810546.88,-70.9403
5815429.69,-70.9180
5820312.50,-70.8884
5825195.31,-70.9026
5830078.12,-70.9059
5834960.94,-70.8708
5839843.75,-70.9058
5844726.56,-70.8698
5849609.38,-70.8910
5854492.19,-70.9691
5859375.00,-70.9071
5864257.81,-70.9464
5869140.62,-70.9549
5874023.44,-70.9505
5878906.25,-70.9271
5883789.06,-70.8811
5888671.88,-70.8723
5893554.69,-70.8370
5898437.50,-70.8951
5903320.31,-70.8995
5908203.12,-70.8541
5913085.94,-70.8777
5917968.75,-70.9565
5922851.56,-70.9010
5927734.38,-70.8970
5932617.19,-70.9283
5937500.00,-70.9354
5942382.81,-70.9327
5947265.62,-70.9946
5952148.44,-70.9125
5957031.25,-70.9036
5961914.06,-70.8440
5966796.88,-70.8047
5971679.69,-70.7707
5976562.50,-70.8354
5981445.31,-70.8412
5986328.12,-70.8948
5991210.94,-70.8434
5996093.75,-70.8684
6000976.56,-70.7860
6005859.38,-70.8709
6010742.19,-70.8547
6015625.00,-70.7752
6020507.81,-70.8668
6025390.62,-70.8577
6030273.44,-70.8620
6035156.25,-70.9047
6040039.06,-70.8449
6044921.88,-70.7993
6049804.69,-70.8613
6054687.50,-70.9016
6059570.31,-70.8457
6064453.12,-70.8338
6069335.94,-70.9111
6074218.75,-70.8342
6079101.56,-70.8799
6083984.38,-70.9403
6088867.19,-70.8167
6093750.00,-70.8656
6098632.81,-70.8670
6103515.62,-70.8746
6108398.44,-70.9127
6113281.25,-70.8996
6118164.06,-70.8235
6123046.88,-70.7936
6127929.69,-70.8401
6132812.50,-70.8844
6137695.31,-70.9171
6142578.12,-70.9802
6147460.94,-70.9264
6152343.75,-70.8655
6157226.56,-70.8902
6162109.38,-70.8725
6166992.19,-70.9458
6171875.00,-70.9312
6176757.81,-70.8484
6181640.62,-70.8756
6186523.44,-70.8301
6191406.25,-70.7951
6196289.06,-70.8175
6201171.88,-70.8367
6206054.69,-70.7817
6210937.50,-70.8455
6215820.31,-70.8336
6220703.12,-70.8845
6225585.94,-70.8328
6230468.75,-70.8539
6235351.56,-70.8489
6240234.38,-70.8123
6245117.19,-70.7645
6250000.00,-70.8421
6254882.81,-70.8935
6259765.62,-70.8384
6264648.44,-70.9546
6269531.25,-70.8561
6274414.06,-70.7718
6279296.88,-70.7780
6284179.69,-70.8394
6289062.50,-70.8134
6293945.31,-70.7028
6298828.12,-70.6613
6303710.94,-70.6800
6308593.75,-70.6637
6313476.56,-70.5650
6318359.38,-70.6023
6323242.19,-70.7277
6328125.00,-70.6721
6333007.81,-70.7263
6337890.62,-70.7893
6342773.44,-70.8083
6347656.25,-70.8250
6352539.06,-70.7610
6357421.88,-70.7786
6362304.69,-70.8261
6367187.50,-70.8420
6372070.31,-70.8729
6376953.12,-70.8403
6381835.94,-70.8700
6386718.75,-70.8224
6391601.56,-70.8311
6396484.38,-70.8768
6401367.19,-70.8682
6406250.00,-70.8522
6411132.81,-70.8317
6416015.62,-70.8275
6420898.44,-70.8045
6425781.25,-70.7985
6430664.06,-70.8070
6435546.88,-70.8747
6440429.69,-70.8327
6445312.50,-70.8008
6450195.31,-70.7995
6455078.12,-70.7941
6459960.94,-70.7655
6464843.75,-70.7852
6469726.56,-70.8201
6474609.38,-70.8938
6479492.19,-70.8370
6484375.00,-70.8541
6489257.81,-70.8541
6494140.62,-70.8636
6499023.44,-70.8561
6503906.25,-70.8747
6508789.06,-70.8717
6513671.88,-70.8317
6518554.69,-70.8572
6523437.50,-70.8461
6528320.31,-70.8946
6533203.12,-70.8390
6538085.94,-70.8449
6542968.75,-70.8487
6547851.56,-70.8105
6552734.38,-70.8101
6557617.19,-70.8608
6562500.00,-70.8267
6567382.81,-70.8283
6572265.62,-70.8607
6577148.44,-70.8724
6582031.25,-70.9562
6586914.06,-70.8522
6591796.88,-70.8034
6596679.69,-70.7388
6601562.50,-70.7799
6606445.31,-70.7852
6611328.12,-70.7745
6616210.94,-70.8259
6621093.75,-70.8056
6625976.56,-70.7951
6630859.38,-70.8685
6635742.19,-70.7978
6640625.00,-70.9051
6645507.81,-70.8181
6650390.62,-70.8046
6655273.44,-70.8392
6660156.25,-70.7817
6665039.06,-70.7692
6669921.88,-70.8574
6674804.69,-70.8043
6679687.50,-70.8741
6684570.31,-70.8118
6689453.12,-70.8458
6694335.94,-70.7834
6699218.75,-70.8314
6704101.56,-70.8015
6708984.38,-70.8296
6713867.19,-70.8320
6718750.00,-70.8866
6723632.81,-70.8299
6728515.62,-70.7937
6733398.44,-70.8765
6738281.25,-70.8888
6743164.06,-70.8189
6748046.88,-70.8808
6752929.69,-70.9097
6757812.50,-70.8306
6762695.31,-70.8346
6767578.12,-70.9460
6772460.94,-70.8807
6777343.75,-70.8540
6782226.56,-70.8244
6787109.38,-70.8129
6791992.19,-70.8503
6796875.00,-70.8403
6801757.81,-70.8364
6806640.62,-70.7922
6811523.44,-70.7705
6816406.25,-70.7341
6821289.06,-70.7994
6826171.88,-70.8904
6831054.69,-70.9129
6835937.50,-70.8481
6840820.31,-70.8482
6845703.12,-70.8930
6850585.94,-70.8088
6855468.75,-70.7838
6860351.56,-70.8258
6865234.38,-70.8266
6870117.19,-70.8236
6875000.00,-70.8208
6879882.81,-70.8446
6884765.62,-70.8464
6889648.44,-70.9253
6894531.25,-70.8701
6899414.06,-70.8505
6904296.88,-70.8124
6909179.69,-70.7479
6914062.50,-70.8030
6918945.31,-70.8478
6923828.12,-70.9300
6928710.94,-70.8872
6933593.75,-70.7587
6938476.56,-70.8180
6943359.38,-70.8381
6948242.19,-70.8158
6953125.00,-70.7659
6958007.81,-70.7803
6962890.62,-70.7086
6967773.44,-70.8267
6972656.25,-70.8282
6977539.06,-70.7708
6982421.88,-70.8201
6987304.69,-70.7918
6992187.50,-70.8451
6997070.31,-70.7415
7001953.12,-70.7497
7006835.94,-70.8337
7011718.75,-70.8357
7016601.56,-70.7983
7021484.38,-70.7952
7026367.19,-70.7822
7031250.00,-70.8634
7036132.81,-70.8196
7041015.62,-70.7888
7045898.44,-70.8382
7050781.25,-70.8620
7055664.06,-70.8563
7060546.88,-70.7706
7065429.69,-70.8364
7070312.50,-70.8656
7075195.31,-70.8670
7080078.12,-70.7901
7084960.94,-70.7715
7089843.75,-70.7799
7094726.56,-70.8123
7099609.38,-70.8617
7104492.19,-70.8022
7109375.00,-70.8586
7114257.81,-70.8567
7119140.62,-70.7352
7124023.44,-70.7765
7128906.25,-70.7805
7133789.06,-70.8626
7138671.88,-70.8680
7143554.69,-70.8436
7148437.50,-70.8367
7153320.31,-70.8138
7158203.12,-70.8474
7163085.94,-70.8413
7167968.75,-70.8040
7172851.56,-70.8753
7177734.38,-70.8342
7182617.19,-70.7766
7187500.00,-70.8272
7192382.81,-70.7424
7197265.62,-70.8280
7202148.44,-70.8569
7207031.25,-70.9104
7211914.06,-70.8312
7216796.88,-70.8551
7221679.69,-70.8883
7226562.50,-70.8537
7231445.31,-70.8583
7236328.12,-70.8041
7241210.94,-70.7490
7246093.75,-70.7989
7250976.56,-70.8242
7255859.38,-70.7323
7260742.19,-70.7969
7265625.00,-70.8145
7270507.81,-70.8484
7275390.62,-70.8237
7280273.44,-70.7914
7285156.25,-70.7905
7290039.06,-70.7730
7294921.88,-70.7410
7299804.69,-70.7111
7304687.50,-70.8010
7309570.31,-70.8607
7314453.12,-70.8599
7319335.94,-70.8042
7324218.75,-70.8311
7329101.56,-70.8600
7333984.38,-70.8450
7338867.19,-70.7853
7343750.00,-70.7911
7348632.81,-70.8981
7353515.62,-70.8997
7358398.44,-70.9043
7363281.25,-70.8217
7368164.06,-70.8349
7373046.88,-70.8590
7377929.69,-70.9371
7382812.50,-70.8737
7387695.31,-70.8599
7392578.12,-70.8291
7397460.94,-70.8164
7402343.75,-70.8370
7407226.56,-70.7635
7412109.38,-70.8024
7416992.19,-70.7688
7421875.00,-70.7942
7426757.81,-70.8244
7431640.62,-70.8341
7436523.44,-70.8125
7441406.25,-70.7671
7446289.06,-70.8773
7451171.88,-70.8601
7456054.69,-70.8602
7460937.50,-70.8965
7465820.31,-70.8584
7470703.12,-70.8467
7475585.94,-70.7807
7480468.75,-70.7656
7485351.56,-70.8549
7490234.38,-70.8071
7495117.19,-70.7982
7500000.00,-70.8267
7504882.81,-70.8318
7509765.62,-70.8596
7514648.44,-70.7765
7519531.25,-70.8764
7524414.06,-70.8769
7529296.88,-70.7841
7534179.69,-70.8466
7539062.50,-70.9329
7543945.31,-70.8781
7548828.12,-70.8756
7553710.94,-70.8772
7558593.75,-70.8690
7563476.56,-70.9076
7568359.38,-70.8438
7573242.19,-70.8007
7578125.00,-70.8173
7583007.81,-70.8177
7587890.62,-70.8445
7592773.44,-70.8877
7597656.25,-70.8548
7602539.06,-70.8765
7607421.88,-70.9235
7612304.69,-70.9137
7617187.50,-70.7974
7622070.31,-70.7770
7626953.12,-70.8657
7631835.94,-70.8352
7636718.75,-70.8245
7641601.56,-70.7240
7646484.38,-70.7612
7651367.19,-70.7766
7656250.00,-70.6366
7661132.81,-70.5467
7666015.62,-70.4820
7670898.44,-70.3800
7675781.25,-70.2198
7680664.06,-70.0637
7685546.88,-69.9133
7690429.69,-69.7603
7695312.50,-69.8277
7700195.31,-70.0031
7705078.12,-70.0555
7709960.94,-70.0435
7714843.75,-70.0279
7719726.56,-70.1943
7724609.38,-70.3975
7729492.19,-70.5261
7734375.00,-70.6100
7739257.81,-70.7522
7744140.62,-70.7282
7749023.44,-70.7528
7753906.25,-70.8242
7758789.06,-70.8144
7763671.88,-70.8464
7768554.69,-70.8359
7773437.50,-70.8607
7778320.31,-70.8934
7783203.12,-70.8496
7788085.94,-70.8340
7792968.75,-70.8435
7797851.56,-70.7907
7802734.38,-70.8203
7807617.19,-70.8491
7812500.00,-70.8665
7817382.81,-70.9404
7822265.62,-70.8412
7827148.44,-70.8432
7832031.25,-70.8658
7836914.06,-70.8778
7841796.88,-70.8854
7846679.69,-70.8709
7851562.50,-70.9229
7856445.31,-70.8230
7861328.12,-70.8798
7866210.94,-70.8640
7871093.75,-70.8473
7875976.56,-70.9352
7880859.38,-70.9106
7885742.19,-70.8602
7890625.00,-70.9207
7895507.81,-70.8153
7900390.62,-70.8019
7905273.44,-70.8463
7910156.25,-70.8887
7915039.06,-70.9013
7919921.88,-70.9435
7924804.69,-70.9116
7929687.50,-70.8990
7934570.31,-70.8961
7939453.12,-70.8910
7944335.94,-70.8318
7949218.75,-70.9453
7954101.56,-70.9521
7958984.38,-70.8735
7963867.19,-70.8303
7968750.00,-70.9660
7973632.81,-70.9820
7978515.62,-70.8191
7983398.44,-70.8347
7988281.25,-70.9392
7993164.06,-70.8985
7998046.88,-70.7051
8002929.69,-70.7134
8007812.50,-70.9102
8012695.31,-70.9149
8017578.12,-70.9580
8022460.94,-70.8696
8027343.75,-70.8871
8032226.56,-70.8906
8037109.38,-70.8259
8041992.19,-70.8852
8046875.00,-70.8844
8051757.81,-70.9589
8056640.62,-70.9675
8061523.44,-70.8596
8066406.25,-70.8523
8071289.06,-70.8783
8076171.88,-70.8881
8081054.69,-70.8989
8085937.50,-70.8783
8090820.31,-70.8769
8095703.12,-70.7533
8100585.94,-70.8249
8105468.75,-70.9022
8110351.56,-70.8952
8115234.38,-70.8805
8120117.19,-70.8314
8125000.00,-70.9269
8129882.81,-70.9116
8134765.62,-70.9201
8139648.44,-70.9516
8144531.25,-70.9199
8149414.06,-70.9444
8154296.88,-70.9042
8159179.69,-70.9406
8164062.50,-70.8955
8168945.31,-70.9224
8173828.12,-70.9966
8178710.94,-70.9547
8183593.75,-70.8984
8188476.56,-70.9089
8193359.38,-70.8814
8198242.19,-70.8255
8203125.00,-70.8791
8208007.81,-70.8707
8212890.62,-70.8907
8217773.44,-70.8800
8222656.25,-70.9753
8227539.06,-71.0106
8232421.88,-70.9243
8237304.69,-70.9606
8242187.50,-70.9293
8247070.31,-70.9382
8251953.12,-70.8739
8256835.94,-70.9534
8261718.75,-71.0084
8266601.56,-70.9664
8271484.38,-70.9263
8276367.19,-70.9726
8281250.00,-70.9325
8286132.81,-70.8748
8291015.62,-70.8784
8295898.44,-70.9109
8300781.25,-70.9316
8305664.06,-70.9716
8310546.88,-70.9493
8315429.69,-70.8793
8320312.50,-70.9402
8325195.31,-70.9632
8330078.12,-70.8579
8334960.94,-70.8723
8339843.75,-70.9051
8344726.56,-70.9356
8349609.38,-70.8647
8354492.19,-70.8315
8359375.00,-70.9121
8364257.81,-71.0179
8369140.62,-70.9834
8374023.44,-70.9230
8378906.25,-70.8785
8383789.06,-70.9362
8388671.88,-70.9722
8393554.69,-70.8933
8398437.50,-70.9113
8403320.31,-70.8957
8408203.12,-70.8893
8413085.94,-70.9480
8417968.75,-70.9284
8422851.56,-70.9088
8427734.38,-70.8703
8432617.19,-70.8931
8437500.00,-70.9231
8442382.81,-70.9376
8447265.62,-70.8721
8452148.44,-70.8710
8457031.25,-70.8774
8461914.06,-70.8796
8466796.88,-70.9149
8471679.69,-70.9119
8476562.50,-70.9116
8481445.31,-70.8908
8486328.12,-70.9388
8491210.94,-70.8924
8496093.75,-70.9132
8500976.56,-70.9283
8505859.38,-70.9195
8510742.19,-70.9147
8515625.00,-70.9328
8520507.81,-70.8536
8525390.62,-70.8357
8530273.44,-70.9031
8535156.25,-70.9573
8540039.06,-70.9562
8544921.88,-70.9112
8549804.69,-70.9790
8554687.50,-71.0056
8559570.31,-70.9750
8564453.12,-70.9121
8569335.94,-70.8506
8574218.75,-70.8792
8579101.56,-70.8615
8583984.38,-70.8968
8588867.19,-70.8557
8593750.00,-70.8437
8598632.81,-70.8229
8603515.62,-70.8561
8608398.44,-70.9109
8613281.25,-70.8612
8618164.06,-70.8408
8623046.88,-70.8937
8627929.69,-70.8517
8632812.50,-70.8950
8637695.31,-70.8431
8642578.12,-70.8602
8647460.94,-70.8964
8652343.75,-70.8750
8657226.56,-70.8602
8662109.38,-70.8919
8666992.19,-70.9141
8671875.00,-70.9506
8676757.81,-70.8952
8681640.62,-70.8734
8686523.44,-70.9221
8691406.25,-70.9498
8696289.06,-70.9455
8701171.88,-70.9135
8706054.69,-70.8725
8710937.50,-70.8827
8715820.31,-70.8746
8720703.12,-70.8864
8725585.94,-70.8863
8730468.75,-70.9616
8735351.56,-70.9551
8740234.38,-70.9652
8745117.19,-70.9624
8750000.00,-70.9366
8754882.81,-70.8839
8759765.62,-70.9212
8764648.44,-70.9263
8769531.25,-70.8901
8774414.06,-70.8642
8779296.88,-70.8978
8784179.69,-70.8452
8789062.50,-70.8156
8793945.31,-70.8493
8798828.12,-70.8456
8803710.94,-70.8876
8808593.75,-70.9136
8813476.56,-70.9204
8818359.38,-70.9096
8823242.19,-70.8651
8828125.00,-70.8173
8833007.81,-70.9157
8837890.62,-70.8776
8842773.44,-70.8346
8847656.25,-70.8735
8852539.06,-70.9066
8857421.88,-70.8834
8862304.69,-70.8649
8867187.50,-70.9235
8872070.31,-70.8822
8876953.12,-70.8754
8881835.94,-70.9401
8886718.75,-70.9016
8891601.56,-70.8776
8896484.38,-70.8956
8901367.19,-70.9062
8906250.00,-70.8269
8911132.81,-70.8254
8916015.62,-70.9368
8920898.44,-70.8942
8925781.25,-70.8818
8930664.06,-70.8405
8935546.88,-70.9166
8940429.69,-70.9134
8945312.50,-70.9173
8950195.31,-70.8996
8955078.12,-70.9035
8959960.94,-70.8981
8964843.75,-70.8809
8969726.56,-70.9721
8974609.38,-70.9978
8979492.19,-70.9115
8984375.00,-70.8673
8989257.81,-70.8169
8994140.62,-70.8532
8999023.44,-70.8506
9003906.25,-70.8839
9008789.06,-70.8240
9013671.88,-70.8480
9018554.69,-70.8733
9023437.50,-70.9170
9028320.31,-70.9423
9033203.12,-70.9342
9038085.94,-70.8809
9042968.75,-70.8841
9047851.56,-70.9339
9052734.38,-70.9144
9057617.19,-70.8274
9062500.00,-70.8635
9067382.81,-70.9202
9072265.62,-70.7987
9077148.44,-70.8711
9082031.25,-70.9764
9086914.06,-70.9491
9091796.88,-70.9389
9096679.69,-70.8545
9101562.50,-70.8292
9106445.31,-70.8537
9111328.12,-70.8099
9116210.94,-70.8778
9121093.75,-70.8689
9125976.56,-70.8294
9130859.38,-70.8676
9135742.19,-70.9258
9140625.00,-70.8699
9145507.81,-70.8876
9150390.62,-70.9297
9155273.44,-70.9303
9160156.25,-70.8698
9165039.06,-70.8732
9169921.88,-70.8584
9174804.69,-70.8673
9179687.50,-70.8838
9184570.31,-70.9023
9189453.12,-70.8512
9194335.94,-70.8279
9199218.75,-70.8994
9204101.56,-70.9455
9208984.38,-70.9665
9213867.19,-70.9000
9218750.00,-70.8343
9223632.81,-70.7805
9228515.62,-70.8416
9233398.44,-70.9082
9238281.25,-70.8842
9243164.06,-70.8861
9248046.88,-70.8588
9252929.69,-70.8811
9257812.50,-70.9041
9262695.31,-70.9022
9267578.12,-70.8800
9272460.94,-70.9032
9277343.75,-70.7868
9282226.56,-70.8057
9287109.38,-70.9258
9291992.19,-70.8962
9296875.00,-70.8859
9301757.81,-70.9175
9306640.62,-70.8562
9311523.44,-70.8234
9316406.25,-70.8366
9321289.06,-70.7709
9326171.88,-70.8456
9331054.69,-70.9001
9335937.50,-70.8523
9340820.31,-70.8549
9345703.12,-70.8385
9350585.94,-70.8408
9355468.75,-70.9291
9360351.56,-70.8847
9365234.38,-70.8803
9370117.19,-70.8500
9375000.00,-70.7906
9379882.81,-70.8633
9384765.62,-70.9159
9389648.44,-70.9356
9394531.25,-70.8080
9399414.06,-70.8006
9404296.88,-70.8233
9409179.69,-70.7995
9414062.50,-70.8524
9418945.31,-70.8368
9423828.12,-70.8958
9428710.94,-70.8737
9433593.75,-70.8815
9438476.56,-70.8629
9443359.38,-70.8292
9448242.19,-70.8861
9453125.00,-70.8672
9458007.81,-70.8495
9462890.62,-70.8820
9467773.44,-70.8182
9472656.25,-70.8726
9477539.06,-70.8695
9482421.88,-70.7935
9487304.69,-70.7619
9492187.50,-70.8104
9497070.31,-70.8693
9501953.12,-70.8226
9506835.94,-70.8222
9511718.75,-70.8271
9516601.56,-70.8516
9521484.38,-70.8657
9526367.19,-70.8858
9531250.00,-70.9264
9536132.81,-70.7956
9541015.62,-70.7020
9545898.44,-70.8344
9550781.25,-70.9265
9555664.06,-70.8261
9560546.88,-70.8052
9565429.69,-70.8575
9570312.50,-70.8312
9575195.31,-70.8716
9580078.12,-70.8253
9584960.94,-70.7085
9589843.75,-70.7270
9594726.56,-70.7826
9599609.38,-70.8100
9604492.19,-70.7815
9609375.00,-70.8272
9614257.81,-70.8498
9619140.62,-70.8575
9624023.44,-70.8551
9628906.25,-70.8344
9633789.06,-70.8321
9638671.88,-70.9165
9643554.69,-70.8637
9648437.50,-70.8121
9653320.31,-70.8588
9658203.12,-70.8442
9663085.94,-70.8365
9667968.75,-70.8627
9672851.56,-70.8667
9677734.38,-70.8234
9682617.19,-70.8766
9687500.00,-70.8747
9692382.81,-70.8389
9697265.62,-70.8226
9702148.44,-70.8439
9707031.25,-70.8283
9711914.06,-70.7686
9716796.88,-70.7972
9721679.69,-70.7652
9726562.50,-70.7825
9731445.31,-70.8072
9736328.12,-70.8600
9741210.94,-70.7846
9746093.75,-70.9249
9750976.56,-70.7893
9755859.38,-70.7388
9760742.19,-70.8432
9765625.00,-70.8581
9770507.81,-70.8736
9775390.62,-70.8775
9780273.44,-70.7851
9785156.25,-70.7530
9790039.06,-70.7202
9794921.88,-70.8108
9799804.69,-70.8660
9804687.50,-70.8883
9809570.31,-70.9054
9814453.12,-70.8391
9819335.94,-70.7911
9824218.75,-70.7810
9829101.56,-70.7848
9833984.38,-70.7993
9838867.19,-70.8279
9843750.00,-70.8284
9848632.81,-70.7736
9853515.62,-70.7908
9858398.44,-70.8755
9863281.25,-70.8196
9868164.06,-70.8903
9873046.88,-70.8575
9877929.69,-70.8619
9882812.50,-70.8639
9887695.31,-70.7452
9892578.12,-70.7772
9897460.94,-70.7862
9902343.75,-70.8231
9907226.56,-70.8005
9912109.38,-70.7022
9916992.19,-70.7968
9921875.00,-70.8272
9926757.81,-70.8235
9931640.62,-70.8492
9936523.44,-70.8187
9941406.25,-70.8465
9946289.06,-70.8066
9951171.88,-70.8631
9956054.69,-70.8419
9960937.50,-70.7910
9965820.31,-70.7040
9970703.12,-70.7707
9975585.94,-70.8049
9980468.75,-70.8351
9985351.56,-70.8196
9990234.38,-70.7816
9995117.19,-70.7850
